season,week,home_team,away_team,gameday,game_type,model_spread,model_total,model_home_win_prob,sharp_spread,sharp_total,sharp_home_win_prob,vegas_home_favored_by,vegas_total,vegas_home_win_prob,actual_margin,actual_total,model_correct_pick,model_spread_error,model_total_error,model_brier,model_ats_push,model_ats_correct,sharp_correct_pick,sharp_spread_error,sharp_total_error,sharp_brier,sharp_ats_push,sharp_ats_correct,vegas_correct_pick,vegas_spread_error,vegas_total_error,vegas_brier,vegas_ats_push,vegas_ats_correct,ml_commence_time,ml_home_price,ml_away_price,ml_pick_side,ml_pick_team,ml_pick_price,ml_our_prob,ml_book_prob,ml_edge,ml_value,ml_won,ml_push,ml_units,lines_set_at,home_score,away_score
2026,4,Alabama,South Carolina,2026-09-26,REG,9.1,50.1,0.705,12.3,53.6,0.789,12.5,54.5,0.8042929292929294,31.0,67.0,1.0,21.9,16.9,0.08702500000000002,0.0,1.0,1.0,18.7,13.399999999999999,0.044520999999999984,0.0,1.0,1.0,18.5,12.5,0.03830125752474233,0.0,1.0,2026-09-26T23:00:00Z,-520.0,390.0,home,Alabama,-520.0,0.705,0.8043,-0.0993,False,1.0,0.0,0.19230769230769232,2026-09-26T20:32:02Z,49.0,18.0
2026,4,Auburn,Vanderbilt,2026-09-26,REG,-1.6,54.7,0.463,9.4,54.5,0.721,10.0,54.5,0.7659021045164341,6.0,36.0,0.0,7.6,18.700000000000003,0.28836899999999993,0.0,0.0,1.0,3.4000000000000004,18.5,0.07784100000000002,0.0,0.0,1.0,4.0,18.5,0.05480182466983452,0.0,0.0,2026-09-26T20:15:00Z,-395.0,310.0,away,Vanderbilt,310.0,0.537,0.2341,0.3029,True,0.0,0.0,-1.0,2026-09-26T16:40:54Z,21.0,15.0
2026,4,Baylor,Colorado,2026-09-26,REG,9.1,48.7,0.705,8.5,53.3,0.752,8.5,54.5,0.7600000000000001,10.0,36.0,1.0,0.9000000000000004,12.700000000000003,0.08702500000000002,0.0,1.0,1.0,1.5,17.299999999999997,0.061503999999999996,0.0,1.0,1.0,1.5,18.5,0.05759999999999994,0.0,1.0,2026-09-26T16:00:00Z,-380.0,300.0,home,Baylor,-380.0,0.705,0.76,-0.055,False,1.0,0.0,0.2631578947368421,2026-09-26T15:51:31Z,23.0,13.0
2026,4,Boston College,Virginia Tech,2026-09-26,REG,-4.9,53.8,0.387,-14.0,47.2,0.196,-14.5,45.5,0.1629006831318969,-7.0,35.0,1.0,2.0999999999999996,18.799999999999997,0.149769,0.0,1.0,1.0,7.0,12.200000000000003,0.038416000000000006,0.0,0.0,1.0,7.5,10.5,0.02653663256483868,0.0,0.0,2026-09-26T16:00:00Z,490.0,-675.0,away,Virginia Tech,-675.0,0.613,0.8371,-0.2241,False,1.0,0.0,0.14814814814814814,2026-09-26T15:51:31Z,14.0,21.0
2026,4,California,Clemson,2026-09-25,REG,-0.2,48.5,0.495,-1.4,50.1,0.481,-1.5,50.5,0.4782608695652174,-14.0,34.0,1.0,13.8,14.5,0.245025,0.0,1.0,1.0,12.6,16.1,0.23136099999999998,0.0,1.0,1.0,12.5,16.5,0.2287334593572779,0.0,1.0,2026-09-26T02:30:00Z,100.0,-120.0,home,California,100.0,0.495,0.4783,0.0167,False,0.0,0.0,-1.0,2026-09-25T16:13:44Z,10.0,24.0
2026,4,Cincinnati,Kansas State,2026-09-26,REG,-3.9,56.1,0.409,-5.9,55.6,0.347,-6.0,55.5,0.3363518758085381,5.0,57.0,0.0,8.9,0.8999999999999986,0.34928099999999995,0.0,0.0,0.0,10.9,1.3999999999999986,0.42640900000000004,0.0,0.0,0.0,11.0,1.5,0.44042883274284605,0.0,0.0,2026-09-26T23:00:00Z,185.0,-225.0,away,Kansas State,-225.0,0.591,0.6636,-0.0726,False,0.0,0.0,-1.0,2026-09-26T20:32:02Z,31.0,26.0
2026,4,Florida,Ole Miss,2026-09-26,REG,0.4,56.4,0.509,3.3,58.1,0.59,3.5,58.5,0.6037569709421778,24.0,80.0,1.0,23.6,23.6,0.241081,0.0,1.0,1.0,20.7,21.9,0.16810000000000003,0.0,1.0,1.0,20.5,21.5,0.15700853807691809,0.0,1.0,2026-09-26T19:30:00Z,-170.0,142.0,home,Florida,-170.0,0.509,0.6038,-0.0948,False,1.0,0.0,0.5882352941176471,2026-09-26T16:40:54Z,52.0,28.0
2026,4,Georgia,Oklahoma,2026-09-26,REG,10.8,46.8,0.739,13.4,44.2,0.801,13.5,43.5,0.8118668596237336,28.0,54.0,1.0,17.2,7.200000000000003,0.068121,0.0,1.0,1.0,14.6,9.799999999999997,0.03960099999999998,0.0,1.0,1.0,14.5,10.5,0.03539407850783595,0.0,1.0,2026-09-26T19:30:00Z,-550.0,410.0,home,Georgia,-550.0,0.739,0.8119,-0.0729,False,1.0,0.0,0.18181818181818182,2026-09-26T16:40:54Z,41.0,13.0
2026,4,Indiana,Northwestern,2026-09-25,REG,21.1,53.2,0.894,20.5,50.2,0.91,20.5,49.5,0.912442396313364,6.0,52.0,1.0,15.100000000000001,1.2000000000000028,0.011235999999999996,0.0,0.0,1.0,14.5,1.7999999999999972,0.008099999999999994,0.0,0.0,1.0,14.5,2.5,0.007666333963346016,0.0,0.0,2026-09-26T00:00:00Z,-1800.0,1000.0,away,Northwestern,1000.0,0.106,0.0876,0.0184,False,0.0,0.0,-1.0,2026-09-25T16:13:44Z,29.0,23.0
2026,4,Iowa State,Utah,2026-09-26,REG,-0.7,52.2,0.484,-7.2,48.4,0.299,-7.5,47.5,0.2664576802507837,-14.0,48.0,1.0,13.3,4.200000000000003,0.234256,0.0,1.0,1.0,6.8,0.3999999999999986,0.089401,0.0,1.0,1.0,6.5,0.5,0.07099969536462888,0.0,1.0,2026-09-26T19:30:00Z,260.0,-325.0,away,Utah,-325.0,0.516,0.7335,-0.2175,False,1.0,0.0,0.3076923076923077,2026-09-26T16:40:54Z,17.0,31.0
2026,4,LSU,Texas A&M,2026-09-26,REG,3.2,46.1,0.575,8.2,51.2,0.719,8.5,52.5,0.7440690150970525,29.0,41.0,1.0,25.8,5.100000000000001,0.18062500000000004,0.0,1.0,1.0,20.8,10.200000000000003,0.07896100000000002,0.0,1.0,1.0,20.5,11.5,0.06550066903339276,0.0,1.0,2026-09-26T23:30:00Z,-345.0,275.0,home,LSU,-345.0,0.575,0.7441,-0.1691,False,1.0,0.0,0.2898550724637681,2026-09-26T20:32:02Z,35.0,6.0
2026,4,Louisville,Wake Forest,2026-09-26,REG,7.8,54.4,0.677,11.3,56.9,0.782,11.5,57.5,0.7999999999999999,-3.0,57.0,0.0,10.8,2.6000000000000014,0.45832900000000004,0.0,0.0,0.0,14.3,0.10000000000000142,0.6115240000000001,0.0,0.0,0.0,14.5,0.5,0.6399999999999999,0.0,0.0,2026-09-26T16:05:00Z,-500.0,380.0,home,Louisville,-500.0,0.677,0.8,-0.123,False,0.0,0.0,-1.0,2026-09-26T15:51:31Z,27.0,30.0
2026,4,Maryland,UCLA,2026-09-26,REG,4.6,55.5,0.606,-2.1,55.5,0.462,-2.5,55.5,0.4365079365079364,-51.0,57.0,0.0,55.6,1.5,0.367236,0.0,0.0,1.0,48.9,1.5,0.21344400000000002,0.0,1.0,1.0,48.5,1.5,0.19053917863441663,0.0,1.0,2026-09-26T17:30:00Z,120.0,-142.0,home,Maryland,120.0,0.606,0.4365,0.1695,True,0.0,0.0,-1.0,2026-09-26T16:40:54Z,3.0,54.0
2026,4,Michigan,Iowa,2026-09-26,REG,-3.1,46.1,0.427,5.1,40.8,0.623,5.5,39.5,0.6574752261956054,-1.0,39.0,1.0,2.1,7.100000000000001,0.182329,0.0,0.0,0.0,6.1,1.7999999999999972,0.388129,0.0,0.0,0.0,6.5,0.5,0.4322736730609625,0.0,0.0,2026-09-26T19:30:00Z,-218.0,180.0,away,Iowa,180.0,0.573,0.3425,0.2305,True,1.0,0.0,1.8,2026-09-26T16:40:54Z,19.0,20.0
2026,4,Michigan State,Nebraska,2026-09-26,REG,-5.5,54.9,0.373,-6.0,49.8,0.342,-6.0,48.5,0.3363518758085381,-18.0,44.0,1.0,12.5,10.899999999999999,0.139129,0.0,1.0,1.0,12.0,5.799999999999997,0.11696400000000001,0.0,1.0,1.0,12.0,4.5,0.11313258435992224,0.0,1.0,2026-09-26T21:00:00Z,185.0,-225.0,away,Nebraska,-225.0,0.627,0.6636,-0.0366,False,1.0,0.0,0.4444444444444444,2026-09-26T20:32:02Z,13.0,31.0
2026,4,Mississippi State,Missouri,2026-09-26,REG,-1.4,52.6,0.467,4.2,57.3,0.629,4.5,58.5,0.6574752261956054,7.0,55.0,0.0,8.4,2.3999999999999986,0.2840889999999999,0.0,0.0,1.0,2.8,2.299999999999997,0.13764099999999999,0.0,1.0,1.0,2.5,3.5,0.11732322066975169,0.0,1.0,2026-09-26T23:45:00Z,-218.0,180.0,away,Missouri,180.0,0.533,0.3425,0.1905,True,0.0,0.0,-1.0,2026-09-26T20:32:02Z,31.0,24.0
2026,4,Ohio State,Illinois,2026-09-26,REG,15.3,52.7,0.817,25.0,53.3,0.924,25.5,53.5,0.9431345353675452,23.0,61.0,1.0,7.699999999999999,8.299999999999997,0.03348900000000002,0.0,1.0,1.0,2.0,7.700000000000003,0.005775999999999994,0.0,0.0,1.0,2.5,7.5,0.0032336810678649662,0.0,0.0,2026-09-26T16:00:00Z,-4000.0,1600.0,home,Ohio State,-4000.0,0.817,0.9431,-0.1261,False,1.0,0.0,0.025,2026-09-26T15:51:31Z,42.0,19.0
2026,4,Penn State,Wisconsin,2026-09-26,REG,15.1,50.7,0.813,10.3,44.9,0.768,10.0,43.5,0.7600000000000001,-4.0,44.0,0.0,19.1,6.700000000000003,0.6609689999999999,0.0,0.0,0.0,14.3,0.8999999999999986,0.589824,0.0,0.0,0.0,14.0,0.5,0.5776000000000002,0.0,0.0,2026-09-26T21:00:00Z,-380.0,300.0,home,Penn State,-380.0,0.813,0.76,0.053,False,0.0,0.0,-1.0,2026-09-26T20:32:02Z,20.0,24.0
2026,4,Purdue,Notre Dame,2026-09-26,REG,-25.1,56.8,0.069,-27.4,57.4,0.056,-27.5,57.5,0.0537383177570093,-39.0,59.0,1.0,13.899999999999999,2.200000000000003,0.0047610000000000005,0.0,1.0,1.0,11.600000000000001,1.6000000000000014,0.0031360000000000003,0.0,1.0,1.0,11.5,1.5,0.0028878067953533016,0.0,1.0,2026-09-26T18:00:00Z,1700.0,-4500.0,away,Notre Dame,-4500.0,0.931,0.9463,-0.0153,False,1.0,0.0,0.022222222222222223,2026-09-26T16:40:54Z,10.0,49.0
2026,4,Stanford,Georgia Tech,2026-09-26,REG,-7.8,54.8,0.324,-3.2,49.8,0.403,-3.0,48.5,0.4170073589533933,7.0,61.0,0.0,14.8,6.200000000000003,0.45697599999999994,0.0,0.0,0.0,10.2,11.200000000000003,0.356409,0.0,0.0,0.0,10.0,12.5,0.33988041951449754,0.0,0.0,2026-09-27T02:30:00Z,130.0,-155.0,away,Georgia Tech,-155.0,0.676,0.583,0.093,True,0.0,0.0,-1.0,2026-09-27T01:54:26Z,34.0,27.0
2026,4,Tennessee,Texas,2026-09-26,REG,7.0,55.3,0.659,-4.9,54.7,0.401,-5.5,54.5,0.355270821199767,-3.0,37.0,0.0,10.0,18.299999999999997,0.43428100000000003,0.0,0.0,1.0,1.9000000000000004,17.700000000000003,0.16080100000000003,0.0,0.0,1.0,2.5,17.5,0.1262173563959568,0.0,0.0,2026-09-26T16:00:00Z,170.0,-205.0,home,Tennessee,170.0,0.659,0.3553,0.3037,True,0.0,0.0,-1.0,2026-09-26T15:51:31Z,17.0,20.0
2026,4,UCF,TCU,2026-09-26,REG,-6.0,48.6,0.361,-3.2,48.5,0.4,-3.0,48.5,0.4066302458405761,8.0,34.0,0.0,14.0,14.600000000000001,0.408321,0.0,0.0,0.0,11.2,14.5,0.36,0.0,0.0,0.0,11.0,14.5,0.3520876651512151,0.0,0.0,2026-09-26T19:30:00Z,136.0,-162.0,away,TCU,-162.0,0.639,0.5934,0.0456,False,0.0,0.0,-1.0,2026-09-26T16:40:54Z,21.0,13.0
2026,4,USC,Oregon,2026-09-26,REG,-6.8,54.6,0.345,-3.7,59.3,0.378,-3.5,60.5,0.3835616438356164,-14.0,68.0,1.0,7.2,13.399999999999999,0.11902499999999998,0.0,1.0,1.0,10.3,8.700000000000003,0.142884,0.0,1.0,1.0,10.5,7.5,0.14711953462188027,0.0,1.0,2026-09-26T23:30:00Z,150.0,-180.0,away,Oregon,-180.0,0.655,0.6164,0.0386,False,1.0,0.0,0.5555555555555556,2026-09-26T20:32:02Z,27.0,41.0
2026,4,Washington,Minnesota,2026-09-26,REG,13.0,48.8,0.779,11.6,46.2,0.786,11.5,45.5,0.7867435158501441,-3.0,51.0,0.0,16.0,2.200000000000003,0.6068410000000001,0.0,0.0,0.0,14.6,4.799999999999997,0.617796,0.0,0.0,0.0,14.5,5.5,0.618965359732246,0.0,0.0,2026-09-27T03:00:00Z,-455.0,350.0,home,Washington,-455.0,0.779,0.7867,-0.0077,False,0.0,0.0,-1.0,2026-09-27T01:54:26Z,24.0,27.0
2026,4,West Virginia,Oklahoma State,2026-09-26,REG,5.0,49.4,0.615,1.7,58.3,0.545,1.5,60.5,0.5324675324675325,-17.0,65.0,0.0,22.0,15.600000000000001,0.378225,0.0,0.0,0.0,18.7,6.700000000000003,0.29702500000000004,0.0,0.0,0.0,18.5,4.5,0.28352167313206283,0.0,0.0,2026-09-26T23:00:00Z,-125.0,105.0,home,West Virginia,-125.0,0.615,0.5325,0.0825,True,0.0,0.0,-1.0,2026-09-26T20:32:02Z,24.0,41.0
2026,5,Arizona,Cincinnati,2026-10-03,REG,6.1,56.0,0.641,7.0,55.5,0.679,7.0,55.5,0.6853932584269663,27.0,41.0,1.0,20.9,15.0,0.128881,0.0,1.0,1.0,20.0,14.5,0.10304099999999997,0.0,1.0,1.0,20.0,14.5,0.09897740184320161,0.0,1.0,2026-10-04T03:00:00Z,-250.0,205.0,home,Arizona,-250.0,0.641,0.6854,-0.0444,False,1.0,0.0,0.4,2026-10-02T21:53:20Z,34.0,7.0
2026,5,Arizona State,Baylor,2026-10-03,REG,-3.2,45.3,0.425,3.2,48.3,0.593,3.5,48.5,0.6224665518611737,-36.0,74.0,1.0,32.8,28.700000000000003,0.18062499999999998,0.0,1.0,0.0,39.2,25.700000000000003,0.351649,0.0,0.0,0.0,39.5,25.5,0.38746460818593925,0.0,0.0,2026-10-04T02:30:00Z,-185.0,154.0,away,Baylor,154.0,0.575,0.3775,0.1975,True,1.0,0.0,1.54,2026-10-02T21:53:20Z,19.0,55.0
2026,5,Clemson,Miami,2026-10-03,REG,-9.5,49.1,0.288,-15.2,47.6,0.174,-15.5,47.5,0.1534988713318284,-28.0,54.0,1.0,18.5,4.899999999999999,0.08294399999999999,0.0,1.0,1.0,12.8,6.399999999999999,0.030275999999999997,0.0,1.0,1.0,12.5,6.5,0.023561903500145212,0.0,1.0,2026-10-03T23:30:00Z,525.0,-750.0,away,Miami,-750.0,0.712,0.8465,-0.1345,False,1.0,0.0,0.13333333333333333,2026-10-02T21:53:20Z,13.0,41.0
2026,5,Colorado,Texas Tech,2026-10-03,REG,-17.1,46.4,0.157,-13.7,49.3,0.187,-13.5,49.5,0.1918429003021148,-22.0,36.0,1.0,4.899999999999999,10.399999999999999,0.024649,0.0,1.0,1.0,8.3,13.299999999999997,0.034969,0.0,1.0,1.0,8.5,13.5,0.036803698396327154,0.0,1.0,2026-10-03T23:31:00Z,400.0,-535.0,away,Texas Tech,-535.0,0.843,0.8082,0.0348,False,1.0,0.0,0.18691588785046728,2026-10-02T21:53:20Z,7.0,29.0
2026,5,Florida State,Virginia,2026-10-03,REG,-8.2,54.3,0.314,-1.8,51.6,0.45,-1.5,51.5,0.4739134147382802,31.0,45.0,0.0,39.2,9.299999999999997,0.4705959999999999,0.0,0.0,0.0,32.8,6.600000000000001,0.30250000000000005,0.0,0.0,0.0,32.5,6.5,0.2767670951923368,0.0,0.0,2026-10-03T19:30:00Z,102.0,-122.0,away,Virginia,-122.0,0.686,0.5261,0.1599,True,0.0,0.0,-1.0,2026-10-02T21:53:20Z,38.0,7.0
2026,5,Georgia,Vanderbilt,2026-10-03,REG,10.6,53.4,0.734,24.8,50.6,0.905,25.5,50.5,0.9356725146198832,24.0,52.0,1.0,13.4,1.3999999999999986,0.07075600000000001,0.0,1.0,1.0,0.8000000000000007,1.3999999999999986,0.009024999999999995,0.0,0.0,1.0,1.5,1.5,0.004138025375329139,0.0,0.0,2026-10-03T16:45:00Z,-3200.0,1400.0,home,Georgia,-3200.0,0.734,0.9357,-0.2017,False,1.0,0.0,0.03125,2026-10-02T21:53:20Z,38.0,14.0
2026,5,Houston,UCF,2026-10-03,REG,8.7,51.7,0.695,10.4,50.6,0.765,10.5,50.5,0.7768331562167907,10.0,44.0,1.0,1.3000000000000007,7.700000000000003,0.09302500000000002,0.0,1.0,1.0,0.40000000000000036,6.600000000000001,0.055224999999999996,0.0,0.0,1.0,0.5,6.5,0.049803440164159336,0.0,0.0,2026-10-03T16:00:00Z,-425.0,330.0,home,Houston,-425.0,0.695,0.7768,-0.0818,False,1.0,0.0,0.23529411764705882,2026-10-02T21:53:20Z,27.0,17.0
2026,5,Illinois,Purdue,2026-10-03,REG,13.4,60.5,0.786,10.6,62.4,0.761,10.5,62.5,0.7571884984025559,-7.0,41.0,0.0,20.4,19.5,0.617796,0.0,0.0,0.0,17.6,21.4,0.579121,0.0,0.0,0.0,17.5,21.5,0.5733344221131174,0.0,0.0,2026-10-03T20:15:00Z,-375.0,295.0,home,Illinois,-375.0,0.786,0.7572,0.0288,False,0.0,0.0,-1.0,2026-10-02T21:53:20Z,17.0,24.0
2026,5,Iowa,Ohio State,2026-10-03,REG,-4.6,50.1,0.392,-14.0,45.7,0.206,-14.5,45.5,0.172876304023845,-17.0,45.0,1.0,12.4,5.100000000000001,0.15366400000000002,0.0,1.0,1.0,3.0,0.7000000000000028,0.042435999999999995,0.0,1.0,1.0,2.5,0.5,0.029886216492944883,0.0,1.0,2026-10-03T19:30:00Z,455.0,-625.0,away,Ohio State,-625.0,0.608,0.8271,-0.2191,False,1.0,0.0,0.16,2026-10-02T21:53:20Z,14.0,31.0
2026,5,Iowa State,West Virginia,2026-10-03,REG,9.7,50.6,0.716,3.3,53.4,0.603,3.0,53.5,0.5829926410466066,3.0,87.0,1.0,6.699999999999999,36.4,0.08065600000000002,0.0,0.0,1.0,0.2999999999999998,33.6,0.15760900000000003,0.0,0.0,1.0,0.0,33.5,0.17389513742128426,1.0,,2026-10-03T16:00:00Z,-155.0,130.0,home,Iowa State,-155.0,0.716,0.583,0.133,True,1.0,0.0,0.6451612903225806,2026-10-02T21:53:20Z,45.0,42.0
2026,5,Minnesota,Michigan,2026-10-03,REG,-4.4,48.8,0.397,-5.9,43.8,0.345,-6.0,43.5,0.3363518758085381,6.0,34.0,0.0,10.4,14.799999999999997,0.36360899999999996,0.0,0.0,0.0,11.9,9.799999999999997,0.42902500000000005,0.0,0.0,0.0,12.0,9.5,0.44042883274284605,0.0,0.0,2026-10-03T16:00:00Z,185.0,-225.0,away,Michigan,-225.0,0.603,0.6636,-0.0606,False,0.0,0.0,-1.0,2026-10-02T21:53:20Z,20.0,14.0
2026,5,Mississippi State,Alabama,2026-10-03,REG,-6.5,53.9,0.351,-5.5,60.2,0.344,-5.5,60.5,0.3425247738043946,-33.0,79.0,1.0,26.5,25.1,0.12320099999999999,0.0,1.0,1.0,27.5,18.799999999999997,0.11833599999999998,0.0,1.0,1.0,27.5,18.5,0.11732322066975169,0.0,1.0,2026-10-03T16:00:00Z,180.0,-218.0,away,Alabama,-218.0,0.649,0.6575,-0.0085,False,1.0,0.0,0.45871559633027525,2026-10-02T21:53:20Z,23.0,56.0
2026,5,Missouri,Florida,2026-10-03,REG,0.7,53.1,0.515,-5.2,57.3,0.368,-5.5,57.5,0.3425247738043946,28.0,62.0,1.0,27.3,8.899999999999999,0.235225,0.0,1.0,0.0,33.2,4.700000000000003,0.399424,0.0,0.0,0.0,33.5,4.5,0.4322736730609625,0.0,0.0,2026-10-03T19:30:00Z,180.0,-218.0,home,Missouri,180.0,0.515,0.3425,0.1725,True,1.0,0.0,1.8,2026-10-02T21:53:20Z,45.0,17.0
2026,5,NC State,Louisville,2026-10-03,REG,-3.2,56.0,0.426,-3.0,58.4,0.404,-3.0,58.5,0.4003612281757977,3.0,59.0,0.0,6.2,3.0,0.3294760000000001,0.0,0.0,0.0,6.0,0.6000000000000014,0.355216,0.0,0.0,0.0,6.0,0.5,0.35956665667483767,0.0,0.0,2026-10-03T19:30:00Z,140.0,-166.0,away,Louisville,-166.0,0.574,0.5996,-0.0256,False,0.0,0.0,-1.0,2026-10-02T21:53:20Z,31.0,28.0
2026,5,Nebraska,Maryland,2026-10-03,REG,10.1,52.8,0.725,14.3,52.5,0.823,14.5,52.5,0.84,25.0,71.0,1.0,14.9,18.200000000000003,0.07562500000000001,0.0,1.0,1.0,10.7,18.5,0.03132900000000002,0.0,1.0,1.0,10.5,18.5,0.02560000000000001,0.0,1.0,2026-10-03T20:00:00Z,-700.0,500.0,home,Nebraska,-700.0,0.725,0.84,-0.115,False,1.0,0.0,0.14285714285714285,2026-10-02T21:53:20Z,48.0,23.0
2026,5,North Carolina,Notre Dame,2026-10-03,REG,-16.2,51.3,0.17,-20.8,46.7,0.104,-21.0,46.5,0.091743119266055,-11.0,63.0,1.0,5.199999999999999,11.700000000000003,0.028900000000000006,0.0,0.0,1.0,9.8,16.299999999999997,0.010816,0.0,0.0,1.0,10.0,16.5,0.008416799932665591,0.0,0.0,2026-10-03T16:00:00Z,950.0,-1650.0,away,Notre Dame,-1650.0,0.83,0.9083,-0.0783,False,1.0,0.0,0.06060606060606061,2026-10-02T21:53:20Z,26.0,37.0
2026,5,Northwestern,Penn State,2026-10-02,REG,-5.7,53.4,0.369,-2.7,46.8,0.437,-2.5,46.5,0.448558885283451,21.0,47.0,0.0,26.7,6.399999999999999,0.398161,0.0,0.0,0.0,23.7,0.20000000000000284,0.31696899999999995,0.0,0.0,0.0,23.5,0.5,0.30408730299983017,0.0,0.0,2026-10-03T00:00:00Z,114.0,-135.0,away,Penn State,-135.0,0.631,0.5514,0.0796,True,0.0,0.0,-1.0,2026-10-02T21:53:20Z,34.0,13.0
2026,5,Rutgers,Indiana,2026-10-03,REG,-19.4,56.4,0.126,-24.2,56.5,0.082,-24.5,56.5,0.0741839762611276,-32.0,62.0,1.0,12.600000000000001,5.600000000000001,0.015876,0.0,1.0,1.0,7.800000000000001,5.5,0.006724000000000001,0.0,1.0,1.0,7.5,5.5,0.005503262333911544,0.0,1.0,2026-10-04T00:00:00Z,1200.0,-2400.0,away,Indiana,-2400.0,0.874,0.9258,-0.0518,False,1.0,0.0,0.041666666666666664,2026-10-02T21:53:20Z,15.0,47.0
2026,5,SMU,Boston College,2026-10-03,REG,14.0,51.3,0.795,20.6,55.3,0.895,21.0,55.5,0.912442396313364,9.0,41.0,1.0,5.0,10.299999999999997,0.042024999999999986,0.0,0.0,1.0,11.600000000000001,14.299999999999997,0.011024999999999997,0.0,0.0,1.0,12.0,14.5,0.007666333963346016,0.0,0.0,2026-10-03T16:00:00Z,-1800.0,1000.0,home,SMU,-1800.0,0.795,0.9124,-0.1174,False,1.0,0.0,0.05555555555555555,2026-10-02T21:53:20Z,25.0,16.0
2026,5,South Carolina,Kentucky,2026-10-03,REG,-3.2,52.7,0.425,2.2,53.5,0.543,2.5,53.5,0.5634920634920635,-1.0,69.0,1.0,2.2,16.299999999999997,0.18062499999999998,0.0,0.0,0.0,3.2,15.5,0.294849,0.0,0.0,0.0,3.5,15.5,0.3175233056185437,0.0,0.0,2026-10-03T20:15:00Z,-142.0,120.0,away,Kentucky,120.0,0.575,0.4365,0.1385,True,1.0,0.0,1.2,2026-10-02T21:53:20Z,34.0,35.0
2026,5,TCU,BYU,2026-10-03,REG,-1.6,50.1,0.462,-5.8,48.6,0.351,-6.0,48.5,0.3309929789368104,-7.0,27.0,1.0,5.4,23.1,0.21344400000000002,0.0,1.0,1.0,1.2000000000000002,21.6,0.12320099999999999,0.0,1.0,1.0,1.0,21.5,0.10955635210546381,0.0,1.0,2026-10-03T23:00:00Z,190.0,-230.0,away,BYU,-230.0,0.538,0.669,-0.131,False,1.0,0.0,0.43478260869565216,2026-10-02T21:53:20Z,10.0,17.0
2026,5,Tennessee,Auburn,2026-10-03,REG,5.0,50.9,0.616,6.4,53.4,0.687,6.5,53.5,0.7001620745542949,10.0,38.0,1.0,5.0,12.899999999999999,0.147456,0.0,1.0,1.0,3.5999999999999996,15.399999999999999,0.09796899999999996,0.0,1.0,1.0,3.5,15.5,0.0899027815355842,0.0,1.0,2026-10-03T19:30:00Z,-270.0,220.0,home,Tennessee,-270.0,0.616,0.7002,-0.0842,False,1.0,0.0,0.37037037037037035,2026-10-02T21:53:20Z,24.0,14.0
2026,5,Texas A&M,Arkansas,2026-10-03,REG,6.6,52.4,0.652,13.6,50.6,0.801,14.0,50.5,0.827123695976155,27.0,41.0,1.0,20.4,11.399999999999999,0.12110399999999999,0.0,1.0,1.0,13.4,9.600000000000001,0.03960099999999998,0.0,1.0,1.0,13.0,9.5,0.029886216492944893,0.0,1.0,2026-10-03T23:00:00Z,-625.0,455.0,home,Texas A&M,-625.0,0.652,0.8271,-0.1751,False,1.0,0.0,0.16,2026-10-02T21:53:20Z,34.0,7.0
2026,5,UConn,Syracuse,2026-10-03,REG,14.4,51.8,0.802,-5.9,50.6,0.379,-7.0,50.5,0.3042300479266513,-1.0,83.0,0.0,15.4,31.200000000000003,0.6432040000000001,0.0,0.0,1.0,4.9,32.4,0.143641,0.0,0.0,1.0,6.0,32.5,0.09255592206145255,0.0,0.0,2026-10-03T16:00:00Z,215.0,-265.0,home,UConn,215.0,0.802,0.3042,0.4978,True,0.0,0.0,-1.0,2026-10-02T21:53:20Z,41.0,42.0
2026,5,USC,Washington,2026-10-03,REG,-4.7,54.8,0.392,7.8,58.3,0.697,8.5,58.5,0.7508125677139762,4.0,46.0,0.0,8.7,8.799999999999997,0.369664,0.0,0.0,1.0,3.8,12.299999999999997,0.09180900000000003,0.0,0.0,1.0,4.5,12.5,0.062094376409301696,0.0,0.0,2026-10-03T23:30:00Z,-360.0,285.0,away,Washington,285.0,0.608,0.2492,0.3588,True,0.0,0.0,-1.0,2026-10-02T21:53:20Z,25.0,21.0
2026,5,Virginia Tech,Pittsburgh,2026-10-02,REG,-6.5,50.8,0.35,2.0,53.4,0.505,2.5,53.5,0.5324675324675325,-2.0,68.0,1.0,4.5,17.200000000000003,0.12249999999999998,0.0,0.0,0.0,4.0,14.600000000000001,0.255025,0.0,0.0,0.0,4.5,14.5,0.28352167313206283,0.0,0.0,2026-10-02T23:00:00Z,-125.0,105.0,away,Pittsburgh,105.0,0.65,0.4675,0.1825,True,1.0,0.0,1.05,2026-10-02T21:53:20Z,33.0,35.0
2026,5,Wake Forest,Stanford,2026-10-03,REG,12.2,55.1,0.765,14.4,53.6,0.818,14.5,53.5,0.827123695976155,54.0,60.0,1.0,41.8,4.899999999999999,0.055224999999999996,0.0,1.0,1.0,39.6,6.399999999999999,0.03312400000000002,0.0,1.0,1.0,39.5,6.5,0.029886216492944893,0.0,1.0,2026-10-03T16:00:00Z,-625.0,455.0,home,Wake Forest,-625.0,0.765,0.8271,-0.0621,False,1.0,0.0,0.16,2026-10-02T21:53:20Z,57.0,3.0
2026,5,Wisconsin,Michigan State,2026-10-03,REG,6.7,47.6,0.655,9.4,43.7,0.744,9.5,43.5,0.7600000000000001,28.0,34.0,1.0,21.3,13.600000000000001,0.11902499999999998,0.0,1.0,1.0,18.6,9.700000000000003,0.065536,0.0,1.0,1.0,18.5,9.5,0.05759999999999994,0.0,1.0,2026-10-03T16:30:00Z,-380.0,300.0,home,Wisconsin,-380.0,0.655,0.76,-0.105,False,1.0,0.0,0.2631578947368421,2026-10-02T21:53:20Z,31.0,3.0
2026,6,Alabama,Georgia,2026-10-10,REG,1.5,53.2,0.534,-2.3,56.3,0.478,-2.5,56.5,0.4675324675324675,,,,,,,,,,,,,,,,,,,,,2026-10-10T23:30:00Z,105.0,-125.0,home,Alabama,105.0,0.534,0.4675,0.0665,True,,,,2026-10-04T14:33:52Z,,
2026,6,Arkansas,Tennessee,2026-10-10,REG,-12.4,52.3,0.232,-13.4,50.6,0.201,-13.5,50.5,0.1952277657266811,,,,,,,,,,,,,,,,,,,,,2026-10-10T20:15:00Z,390.0,-530.0,away,Tennessee,-530.0,0.768,0.8048,-0.0368,False,,,,2026-10-04T14:33:52Z,,
2026,6,BYU,Iowa State,2026-10-09,REG,7.0,51.4,0.66,11.3,47.7,0.75,11.5,47.5,0.7659021045164341,,,,,,,,,,,,,,,,,,,,,2026-10-10T02:15:00Z,-395.0,310.0,home,BYU,-395.0,0.66,0.7659,-0.1059,False,,,,2026-10-04T14:33:52Z,,
2026,6,California,Virginia Tech,2026-10-10,REG,-3.0,50.8,0.43,-11.1,51.5,0.249,-11.5,51.5,0.217391304347826,,,,,,,,,,,,,,,,,,,,,2026-10-10T19:30:00Z,340.0,-450.0,away,Virginia Tech,-450.0,0.57,0.7826,-0.2126,False,,,,2026-10-04T14:33:52Z,,
2026,6,Florida,South Carolina,2026-10-10,REG,7.0,55.5,0.66,13.6,58.3,0.794,14.0,58.5,0.817258883248731,,,,,,,,,,,,,,,,,,,,,2026-10-10T17:00:00Z,-575.0,425.0,home,Florida,-575.0,0.66,0.8173,-0.1573,False,,,,2026-10-04T14:33:52Z,,
2026,6,Georgia Tech,Duke,2026-10-10,REG,-6.5,57.3,0.351,-6.5,49.9,0.315,-6.5,49.5,0.3087478559176672,,,,,,,,,,,,,,,,,,,,,2026-10-10T19:30:00Z,210.0,-260.0,away,Duke,-260.0,0.649,0.6913,-0.0423,False,,,,2026-10-04T14:33:52Z,,
2026,6,Kansas State,Houston,2026-10-10,REG,3.7,54.9,0.585,2.6,53.6,0.558,2.5,53.5,0.552982006111132,,,,,,,,,,,,,,,,,,,,,2026-10-10T19:30:00Z,-137.0,114.0,home,Kansas State,-137.0,0.585,0.553,0.032,False,,,,2026-10-04T14:33:52Z,,
2026,6,Kentucky,LSU,2026-10-10,REG,-6.2,48.8,0.357,-9.8,54.2,0.248,-10.0,54.5,0.2284946236559139,,,,,,,,,,,,,,,,,,,,,2026-10-10T23:00:00Z,320.0,-410.0,away,LSU,-410.0,0.643,0.7715,-0.1285,False,,,,2026-10-04T14:33:52Z,,
2026,6,Louisville,Florida State,2026-10-09,REG,1.9,57.2,0.545,6.3,58.4,0.656,6.5,58.5,0.6750312469954812,,,,,,,,,,,,,,,,,,,,,2026-10-09T23:00:00Z,-238.0,195.0,home,Louisville,-238.0,0.545,0.675,-0.13,False,,,,2026-10-04T14:33:52Z,,
2026,6,Michigan State,Illinois,2026-10-10,REG,-5.5,54.1,0.372,-3.1,50.7,0.401,-3.0,50.5,0.4066302458405761,,,,,,,,,,,,,,,,,,,,,2026-10-10T19:30:00Z,136.0,-162.0,away,Illinois,-162.0,0.628,0.5934,0.0346,False,,,,2026-10-04T14:33:52Z,,
2026,6,Missouri,Texas A&M,2026-10-10,REG,4.9,50.1,0.614,3.1,50.5,0.571,3.0,50.5,0.5634920634920635,,,,,,,,,,,,,,,,,,,,,2026-10-10T17:00:00Z,-142.0,120.0,home,Missouri,-142.0,0.614,0.5635,0.0505,False,,,,2026-10-04T14:33:52Z,,
2026,6,NC State,Wake Forest,2026-10-10,REG,-4.3,57.4,0.4,-2.6,60.3,0.449,-2.5,60.5,0.4572564612326044,,,,,,,,,,,,,,,,,,,,,2026-10-10T16:00:00Z,110.0,-130.0,away,Wake Forest,-130.0,0.6,0.5427,0.0573,False,,,,2026-10-04T14:33:52Z,,
2026,6,Nebraska,Indiana,2026-10-10,REG,-9.3,55.7,0.292,-9.5,51.7,0.27,-9.5,51.5,0.2664576802507837,,,,,,,,,,,,,,,,,,,,,2026-10-10T16:00:00Z,260.0,-325.0,away,Indiana,-325.0,0.708,0.7335,-0.0255,False,,,,2026-10-04T14:33:52Z,,
2026,6,Notre Dame,Stanford,2026-10-10,REG,28.3,54.8,0.953,36.1,55.5,0.953,36.5,55.5,,,,,,,,,,,,,,,,,,,,,,,,,,,,,,,,,,,2026-10-04T14:33:52Z,,
2026,6,Ohio State,Maryland,2026-10-10,REG,22.0,50.7,0.903,34.8,55.3,0.903,35.5,55.5,,,,,,,,,,,,,,,,,,,,,,,,,,,,,,,,,,,2026-10-04T14:33:52Z,,
2026,6,Oklahoma,Texas,2026-10-10,REG,0.9,42.6,0.52,-9.0,41.6,0.305,-9.5,41.5,0.2664576802507837,,,,,,,,,,,,,,,,,,,,,2026-10-10T19:30:00Z,260.0,-325.0,home,Oklahoma,260.0,0.52,0.2665,0.2535,True,,,,2026-10-04T14:33:52Z,,
2026,6,Oklahoma State,UCF,2026-10-10,REG,2.0,47.9,0.548,9.6,52.3,0.733,10.0,52.5,0.7659021045164341,,,,,,,,,,,,,,,,,,,,,2026-10-10T16:00:00Z,-395.0,310.0,home,Oklahoma State,-395.0,0.548,0.7659,-0.2179,False,,,,2026-10-04T14:33:52Z,,
2026,6,Oregon,UCLA,2026-10-10,REG,10.8,52.2,0.738,11.5,60.1,0.775,11.5,60.5,0.7819063004846527,,,,,,,,,,,,,,,,,,,,,2026-10-10T19:30:00Z,-440.0,340.0,home,Oregon,-440.0,0.738,0.7819,-0.0439,False,,,,2026-10-04T14:33:52Z,,
2026,6,Penn State,USC,2026-10-10,REG,3.9,56.2,0.592,-2.2,55.5,0.486,-2.5,55.5,0.4675324675324675,,,,,,,,,,,,,,,,,,,,,2026-10-10T23:30:00Z,105.0,-125.0,home,Penn State,105.0,0.592,0.4675,0.1245,True,,,,2026-10-04T14:33:52Z,,
2026,6,Pittsburgh,North Carolina,2026-10-10,REG,10.2,50.5,0.727,3.8,46.7,0.617,3.5,46.5,0.5976281236764084,,,,,,,,,,,,,,,,,,,,,2026-10-10T16:00:00Z,-166.0,138.0,home,Pittsburgh,-166.0,0.727,0.5976,0.1294,True,,,,2026-10-04T14:33:52Z,,
2026,6,Purdue,Minnesota,2026-10-10,REG,-6.6,53.6,0.347,-4.6,48.8,0.365,-4.5,48.5,0.3682364729458918,,,,,,,,,,,,,,,,,,,,,2026-10-11T00:00:00Z,160.0,-194.0,away,Minnesota,-194.0,0.653,0.6318,0.0212,False,,,,2026-10-04T14:33:52Z,,
2026,6,Utah,Kansas,2026-10-10,REG,6.6,53.9,0.651,14.1,51.6,0.8,14.5,51.5,0.8259833134684148,,,,,,,,,,,,,,,,,,,,,2026-10-11T02:15:00Z,-630.0,450.0,home,Utah,-630.0,0.651,0.826,-0.175,False,,,,2026-10-04T14:33:52Z,,
2026,6,Vanderbilt,Ole Miss,2026-10-10,REG,-0.7,58.3,0.483,-10.0,57.5,0.262,-10.5,57.5,0.2231668437832093,,,,,,,,,,,,,,,,,,,,,2026-10-10T19:30:00Z,330.0,-425.0,away,Ole Miss,-425.0,0.517,0.7768,-0.2598,False,,,,2026-10-04T14:33:52Z,,
2026,6,Virginia,Syracuse,2026-10-10,REG,12.5,47.7,0.77,7.8,50.4,0.74,7.5,50.5,0.7342398022249692,,,,,,,,,,,,,,,,,,,,,2026-10-10T23:30:00Z,-330.0,260.0,home,Virginia,-330.0,0.77,0.7342,0.0358,False,,,,2026-10-04T14:33:52Z,,
2026,6,Washington,Iowa,2026-10-09,REG,3.0,47.3,0.571,2.5,41.8,0.538,2.5,41.5,0.5324675324675325,,,,,,,,,,,,,,,,,,,,,2026-10-10T01:00:00Z,-125.0,105.0,home,Washington,-125.0,0.571,0.5325,0.0385,False,,,,2026-10-04T14:33:52Z,,
2026,6,West Virginia,Arizona,2026-10-10,REG,-10.7,52.7,0.265,-3.4,58.2,0.411,-3.0,58.5,0.4365079365079364,,,,,,,,,,,,,,,,,,,,,2026-10-10T16:00:00Z,120.0,-142.0,away,Arizona,-142.0,0.735,0.5635,0.1715,True,,,,2026-10-04T14:33:52Z,,
2026,7,BYU,Notre Dame,2026-10-17,REG,-5.3,51.8,0.376,-6.5,52.1,0.35,,,,,,,,,,,,,,,,,,,,,,,,,,,,,,,,,,,,,2026-10-04T14:33:52Z,,
2026,7,Baylor,TCU,2026-10-17,REG,2.3,47.5,0.554,-1.4,47.4,0.468,,,,,,,,,,,,,,,,,,,,,,,,,,,,,,,,,,,,,2026-10-04T14:33:52Z,,
2026,7,Boston College,Pittsburgh,2026-10-17,REG,-8.3,49.0,0.311,-11.1,48.4,0.256,,,,,,,,,,,,,,,,,,,,,,,,,,,,,,,,,,,,,2026-10-04T14:33:52Z,,
2026,7,California,Wake Forest,2026-10-17,REG,-9.4,52.0,0.29,-3.7,51.6,0.413,,,,,,,,,,,,,,,,,,,,,,,,,,,,,,,,,,,,,2026-10-04T14:33:52Z,,
2026,7,Colorado,Utah,2026-10-17,REG,-14.8,48.9,0.191,-14.8,50.5,0.19,,,,,,,,,,,,,,,,,,,,,,,,,,,,,,,,,,,,,2026-10-04T14:33:52Z,,
2026,7,Duke,North Carolina,2026-10-17,REG,11.2,54.6,0.745,10.3,53.6,0.728,,,,,,,,,,,,,,,,,,,,,,,,,,,,,,,,,,,,,2026-10-04T14:33:52Z,,
2026,7,Georgia,Auburn,2026-10-17,REG,13.3,51.0,0.783,11.3,50.0,0.748,,,,,,,,,,,,,,,,,,,,,,,,,,,,,,,,,,,,,2026-10-04T14:33:52Z,,
2026,7,Houston,Oklahoma State,2026-10-17,REG,7.2,52.8,0.664,8.6,53.7,0.694,,,,,,,,,,,,,,,,,,,,,,,,,,,,,,,,,,,,,2026-10-04T14:33:52Z,,
2026,7,Indiana,Ohio State,2026-10-17,REG,5.2,54.9,0.621,3.9,54.6,0.591,,,,,,,,,,,,,,,,,,,,,,,,,,,,,,,,,,,,,2026-10-04T14:33:52Z,,
2026,7,Kansas State,Kansas,2026-10-17,REG,1.6,53.2,0.538,8.5,53.8,0.691,,,,,,,,,,,,,,,,,,,,,,,,,,,,,,,,,,,,,2026-10-04T14:33:52Z,,
2026,7,LSU,Mississippi State,2026-10-17,REG,15.0,50.7,0.812,7.8,49.9,0.677,,,,,,,,,,,,,,,,,,,,,,,,,,,,,,,,,,,,,2026-10-04T14:33:52Z,,
2026,7,Maryland,Rutgers,2026-10-17,REG,3.9,53.5,0.592,2.7,53.3,0.563,,,,,,,,,,,,,,,,,,,,,,,,,,,,,,,,,,,,,2026-10-04T14:33:52Z,,
2026,7,Miami,Florida State,2026-10-17,REG,12.9,56.4,0.777,17.0,57.8,0.843,,,,,,,,,,,,,,,,,,,,,,,,,,,,,,,,,,,,,2026-10-04T14:33:52Z,,
2026,7,Michigan,Penn State,2026-10-17,REG,1.5,47.7,0.535,-0.3,49.5,0.493,,,,,,,,,,,,,,,,,,,,,,,,,,,,,,,,,,,,,2026-10-04T14:33:52Z,,
2026,7,Michigan State,Northwestern,2026-10-17,REG,-9.2,52.1,0.294,-5.1,53.0,0.383,,,,,,,,,,,,,,,,,,,,,,,,,,,,,,,,,,,,,2026-10-04T14:33:52Z,,
2026,7,Oklahoma,Kentucky,2026-10-17,REG,1.7,44.5,0.539,1.9,44.3,0.546,,,,,,,,,,,,,,,,,,,,,,,,,,,,,,,,,,,,,2026-10-04T14:33:52Z,,
2026,7,Ole Miss,Missouri,2026-10-17,REG,-0.3,55.1,0.493,1.1,54.2,0.526,,,,,,,,,,,,,,,,,,,,,,,,,,,,,,,,,,,,,2026-10-04T14:33:52Z,,
2026,7,Oregon,Nebraska,2026-10-17,REG,7.5,54.0,0.67,9.1,55.0,0.704,,,,,,,,,,,,,,,,,,,,,,,,,,,,,,,,,,,,,2026-10-04T14:33:52Z,,
2026,7,Purdue,Washington,2026-10-16,REG,-12.6,54.9,0.228,-18.5,54.7,0.137,,,,,,,,,,,,,,,,,,,,,,,,,,,,,,,,,,,,,2026-10-04T14:33:52Z,,
2026,7,SMU,Virginia,2026-10-17,REG,3.8,50.4,0.589,0.2,50.8,0.505,,,,,,,,,,,,,,,,,,,,,,,,,,,,,,,,,,,,,2026-10-04T14:33:52Z,,
2026,7,Syracuse,Louisville,2026-10-17,REG,-8.8,52.1,0.302,-12.2,50.3,0.236,,,,,,,,,,,,,,,,,,,,,,,,,,,,,,,,,,,,,2026-10-04T14:33:52Z,,
2026,7,Tennessee,Alabama,2026-10-17,REG,-3.5,51.7,0.418,-1.6,52.2,0.462,,,,,,,,,,,,,,,,,,,,,,,,,,,,,,,,,,,,,2026-10-04T14:33:52Z,,
2026,7,Texas,Florida,2026-10-17,REG,3.3,53.1,0.576,-0.5,52.7,0.487,,,,,,,,,,,,,,,,,,,,,,,,,,,,,,,,,,,,,2026-10-04T14:33:52Z,,
2026,7,Texas Tech,Arizona State,2026-10-17,REG,20.1,44.9,0.882,18.9,45.5,0.867,,,,,,,,,,,,,,,,,,,,,,,,,,,,,,,,,,,,,2026-10-04T14:33:52Z,,
2026,7,UCLA,Wisconsin,2026-10-17,REG,2.8,47.6,0.565,6.5,47.9,0.649,,,,,,,,,,,,,,,,,,,,,,,,,,,,,,,,,,,,,2026-10-04T14:33:52Z,,
2026,7,Vanderbilt,Arkansas,2026-10-17,REG,9.8,55.4,0.718,11.4,55.2,0.749,,,,,,,,,,,,,,,,,,,,,,,,,,,,,,,,,,,,,2026-10-04T14:33:52Z,,
2026,7,Virginia Tech,Georgia Tech,2026-10-17,REG,2.7,55.7,0.564,3.1,55.9,0.573,,,,,,,,,,,,,,,,,,,,,,,,,,,,,,,,,,,,,2026-10-04T14:33:52Z,,
2026,7,West Virginia,Cincinnati,2026-10-17,REG,-2.4,58.0,0.445,-5.9,57.3,0.363,,,,,,,,,,,,,,,,,,,,,,,,,,,,,,,,,,,,,2026-10-04T14:33:52Z,,
2026,8,Alabama,Texas A&M,2026-10-24,REG,11.8,50.2,0.757,12.5,50.5,0.77,,,,,,,,,,,,,,,,,,,,,,,,,,,,,,,,,,,,,2026-10-04T14:33:52Z,,
2026,8,Arizona,Iowa State,2026-10-24,REG,7.9,51.4,0.68,6.1,49.4,0.64,,,,,,,,,,,,,,,,,,,,,,,,,,,,,,,,,,,,,2026-10-04T14:33:52Z,,
2026,8,Arizona State,Kansas State,2026-10-24,REG,-10.7,50.1,0.264,-7.9,48.9,0.32,,,,,,,,,,,,,,,,,,,,,,,,,,,,,,,,,,,,,2026-10-04T14:33:52Z,,
2026,8,Auburn,LSU,2026-10-24,REG,-7.0,46.2,0.339,-2.4,45.7,0.444,,,,,,,,,,,,,,,,,,,,,,,,,,,,,,,,,,,,,2026-10-04T14:33:52Z,,
2026,8,Cincinnati,Texas Tech,2026-10-24,REG,-10.4,52.0,0.27,-8.5,54.8,0.307,,,,,,,,,,,,,,,,,,,,,,,,,,,,,,,,,,,,,2026-10-04T14:33:52Z,,
2026,8,Clemson,Virginia Tech,2026-10-24,REG,1.5,49.3,0.536,4.8,48.6,0.612,,,,,,,,,,,,,,,,,,,,,,,,,,,,,,,,,,,,,2026-10-04T14:33:52Z,,
2026,8,Georgia Tech,Boston College,2026-10-24,REG,4.6,53.8,0.608,5.2,53.5,0.621,,,,,,,,,,,,,,,,,,,,,,,,,,,,,,,,,,,,,2026-10-04T14:33:52Z,,
2026,8,Illinois,Oregon,2026-10-24,REG,-12.1,56.3,0.237,-10.1,56.2,0.275,,,,,,,,,,,,,,,,,,,,,,,,,,,,,,,,,,,,,2026-10-04T14:33:52Z,,
2026,8,Kansas,Baylor,2026-10-24,REG,4.5,50.6,0.604,0.0,50.3,0.5,,,,,,,,,,,,,,,,,,,,,,,,,,,,,,,,,,,,,2026-10-04T14:33:52Z,,
2026,8,Kentucky,Vanderbilt,2026-10-24,REG,3.2,55.2,0.575,-0.7,53.8,0.484,,,,,,,,,,,,,,,,,,,,,,,,,,,,,,,,,,,,,2026-10-04T14:33:52Z,,
2026,8,Miami,Pittsburgh,2026-10-24,REG,10.2,51.5,0.726,7.9,51.3,0.68,,,,,,,,,,,,,,,,,,,,,,,,,,,,,,,,,,,,,2026-10-04T14:33:52Z,,
2026,8,Michigan,Indiana,2026-10-24,REG,-11.1,50.1,0.256,-9.2,51.3,0.293,,,,,,,,,,,,,,,,,,,,,,,,,,,,,,,,,,,,,2026-10-04T14:33:52Z,,
2026,8,Minnesota,Iowa,2026-10-24,REG,-3.0,46.1,0.431,-7.0,48.1,0.341,,,,,,,,,,,,,,,,,,,,,,,,,,,,,,,,,,,,,2026-10-04T14:33:52Z,,
2026,8,Mississippi State,Oklahoma,2026-10-24,REG,-3.1,46.5,0.427,1.9,46.6,0.545,,,,,,,,,,,,,,,,,,,,,,,,,,,,,,,,,,,,,2026-10-04T14:33:52Z,,
2026,8,North Carolina,Syracuse,2026-10-24,REG,6.7,50.3,0.654,9.4,48.4,0.711,,,,,,,,,,,,,,,,,,,,,,,,,,,,,,,,,,,,,2026-10-04T14:33:52Z,,
2026,8,Northwestern,Rutgers,2026-10-24,REG,11.7,57.1,0.755,6.7,56.6,0.653,,,,,,,,,,,,,,,,,,,,,,,,,,,,,,,,,,,,,2026-10-04T14:33:52Z,,
2026,8,Oklahoma State,Colorado,2026-10-24,REG,6.4,46.0,0.646,6.4,47.7,0.647,,,,,,,,,,,,,,,,,,,,,,,,,,,,,,,,,,,,,2026-10-04T14:33:52Z,,
2026,8,SMU,California,2026-10-24,REG,12.6,50.7,0.771,13.2,50.9,0.782,,,,,,,,,,,,,,,,,,,,,,,,,,,,,,,,,,,,,2026-10-04T14:33:52Z,,
2026,8,South Carolina,Tennessee,2026-10-24,REG,-8.8,52.5,0.302,-8.1,53.3,0.315,,,,,,,,,,,,,,,,,,,,,,,,,,,,,,,,,,,,,2026-10-04T14:33:52Z,,
2026,8,Stanford,NC State,2026-10-23,REG,-10.1,57.3,0.275,-6.9,56.3,0.342,,,,,,,,,,,,,,,,,,,,,,,,,,,,,,,,,,,,,2026-10-04T14:33:52Z,,
2026,8,TCU,West Virginia,2026-10-24,REG,9.7,51.0,0.717,11.3,50.1,0.748,,,,,,,,,,,,,,,,,,,,,,,,,,,,,,,,,,,,,2026-10-04T14:33:52Z,,
2026,8,Texas,Ole Miss,2026-10-24,REG,1.5,53.8,0.534,1.4,53.8,0.534,,,,,,,,,,,,,,,,,,,,,,,,,,,,,,,,,,,,,2026-10-04T14:33:52Z,,
2026,8,UCF,BYU,2026-10-24,REG,-6.4,47.9,0.354,-7.4,49.1,0.331,,,,,,,,,,,,,,,,,,,,,,,,,,,,,,,,,,,,,2026-10-04T14:33:52Z,,
2026,8,UCLA,Michigan State,2026-10-24,REG,14.2,50.1,0.799,11.4,50.9,0.749,,,,,,,,,,,,,,,,,,,,,,,,,,,,,,,,,,,,,2026-10-04T14:33:52Z,,
2026,8,Utah,Houston,2026-10-24,REG,8.6,55.6,0.695,7.3,56.5,0.667,,,,,,,,,,,,,,,,,,,,,,,,,,,,,,,,,,,,,2026-10-04T14:33:52Z,,
2026,8,Virginia,Duke,2026-10-23,REG,-1.7,52.0,0.461,4.0,52.2,0.593,,,,,,,,,,,,,,,,,,,,,,,,,,,,,,,,,,,,,2026-10-04T14:33:52Z,,
2026,8,Wisconsin,USC,2026-10-24,REG,1.2,52.3,0.528,-2.1,53.4,0.451,,,,,,,,,,,,,,,,,,,,,,,,,,,,,,,,,,,,,2026-10-04T14:33:52Z,,
2026,9,Arkansas,Missouri,2026-10-31,REG,-10.8,52.2,0.262,-7.4,52.3,0.331,,,,,,,,,,,,,,,,,,,,,,,,,,,,,,,,,,,,,2026-10-04T14:33:52Z,,
2026,9,BYU,Arizona State,2026-10-31,REG,15.2,48.0,0.815,13.6,48.0,0.789,,,,,,,,,,,,,,,,,,,,,,,,,,,,,,,,,,,,,2026-10-04T14:33:52Z,,
2026,9,Cincinnati,Utah,2026-10-31,REG,-9.7,57.9,0.284,-6.3,58.9,0.355,,,,,,,,,,,,,,,,,,,,,,,,,,,,,,,,,,,,,2026-10-04T14:33:52Z,,
2026,9,Colorado,Kansas State,2026-10-31,REG,-9.8,48.1,0.281,-9.9,49.8,0.28,,,,,,,,,,,,,,,,,,,,,,,,,,,,,,,,,,,,,2026-10-04T14:33:52Z,,
2026,9,Duke,Boston College,2026-10-31,REG,13.0,53.0,0.778,13.6,52.8,0.789,,,,,,,,,,,,,,,,,,,,,,,,,,,,,,,,,,,,,2026-10-04T14:33:52Z,,
2026,9,Florida State,Clemson,2026-10-31,REG,5.9,51.7,0.637,-1.9,52.1,0.456,,,,,,,,,,,,,,,,,,,,,,,,,,,,,,,,,,,,,2026-10-04T14:33:52Z,,
2026,9,Georgia,Florida,2026-10-31,REG,13.1,56.0,0.78,9.6,54.1,0.715,,,,,,,,,,,,,,,,,,,,,,,,,,,,,,,,,,,,,2026-10-04T14:33:52Z,,
2026,9,Indiana,Minnesota,2026-10-31,REG,19.3,51.2,0.873,19.2,52.6,0.872,,,,,,,,,,,,,,,,,,,,,,,,,,,,,,,,,,,,,2026-10-04T14:33:52Z,,
2026,9,Iowa,Wisconsin,2026-10-31,REG,4.5,45.2,0.605,11.8,45.3,0.757,,,,,,,,,,,,,,,,,,,,,,,,,,,,,,,,,,,,,2026-10-04T14:33:52Z,,
2026,9,Iowa State,Oklahoma State,2026-10-31,REG,4.7,51.4,0.609,5.9,49.4,0.637,,,,,,,,,,,,,,,,,,,,,,,,,,,,,,,,,,,,,2026-10-04T14:33:52Z,,
2026,9,Louisville,Stanford,2026-10-31,REG,17.4,56.1,0.848,15.6,54.8,0.822,,,,,,,,,,,,,,,,,,,,,,,,,,,,,,,,,,,,,2026-10-04T14:33:52Z,,
2026,9,Maryland,Illinois,2026-10-31,REG,-2.3,53.7,0.446,-1.7,54.0,0.46,,,,,,,,,,,,,,,,,,,,,,,,,,,,,,,,,,,,,2026-10-04T14:33:52Z,,
2026,9,NC State,California,2026-10-31,REG,7.0,53.4,0.659,5.8,52.8,0.633,,,,,,,,,,,,,,,,,,,,,,,,,,,,,,,,,,,,,2026-10-04T14:33:52Z,,
2026,9,Nebraska,Washington,2026-10-31,REG,2.2,51.5,0.552,-2.2,52.1,0.449,,,,,,,,,,,,,,,,,,,,,,,,,,,,,,,,,,,,,2026-10-04T14:33:52Z,,
2026,9,North Carolina,Miami,2026-10-31,REG,-14.9,53.7,0.19,-13.8,52.7,0.207,,,,,,,,,,,,,,,,,,,,,,,,,,,,,,,,,,,,,2026-10-04T14:33:52Z,,
2026,9,Oklahoma,South Carolina,2026-10-31,REG,7.4,45.0,0.67,7.0,44.9,0.66,,,,,,,,,,,,,,,,,,,,,,,,,,,,,,,,,,,,,2026-10-04T14:33:52Z,,
2026,9,Ole Miss,Auburn,2026-10-31,REG,3.8,53.1,0.59,1.6,53.6,0.537,,,,,,,,,,,,,,,,,,,,,,,,,,,,,,,,,,,,,2026-10-04T14:33:52Z,,
2026,9,Oregon,Northwestern,2026-10-31,REG,12.2,54.3,0.764,13.4,54.4,0.786,,,,,,,,,,,,,,,,,,,,,,,,,,,,,,,,,,,,,2026-10-04T14:33:52Z,,
2026,9,Penn State,Purdue,2026-10-31,REG,15.2,56.7,0.815,21.4,56.7,0.897,,,,,,,,,,,,,,,,,,,,,,,,,,,,,,,,,,,,,2026-10-04T14:33:52Z,,
2026,9,Pittsburgh,Georgia Tech,2026-10-31,REG,9.2,53.2,0.707,11.5,52.9,0.751,,,,,,,,,,,,,,,,,,,,,,,,,,,,,,,,,,,,,2026-10-04T14:33:52Z,,
2026,9,Rutgers,Michigan,2026-10-31,REG,-10.9,51.3,0.261,-8.3,52.6,0.312,,,,,,,,,,,,,,,,,,,,,,,,,,,,,,,,,,,,,2026-10-04T14:33:52Z,,
2026,9,Syracuse,SMU,2026-10-31,REG,-10.8,50.7,0.262,-14.6,49.9,0.195,,,,,,,,,,,,,,,,,,,,,,,,,,,,,,,,,,,,,2026-10-04T14:33:52Z,,
2026,9,TCU,Kansas,2026-10-31,REG,-1.2,49.3,0.471,7.0,50.8,0.659,,,,,,,,,,,,,,,,,,,,,,,,,,,,,,,,,,,,,2026-10-04T14:33:52Z,,
2026,9,Texas,Mississippi State,2026-10-31,REG,7.8,52.7,0.676,2.8,52.8,0.566,,,,,,,,,,,,,,,,,,,,,,,,,,,,,,,,,,,,,2026-10-04T14:33:52Z,,
2026,9,Texas Tech,Arizona,2026-10-31,REG,5.8,46.7,0.633,8.0,48.5,0.682,,,,,,,,,,,,,,,,,,,,,,,,,,,,,,,,,,,,,2026-10-04T14:33:52Z,,
2026,9,UCF,Baylor,2026-10-30,REG,-3.1,47.4,0.428,-0.7,46.4,0.483,,,,,,,,,,,,,,,,,,,,,,,,,,,,,,,,,,,,,2026-10-04T14:33:52Z,,
2026,9,USC,Ohio State,2026-10-31,REG,-9.5,56.9,0.288,-10.7,58.2,0.264,,,,,,,,,,,,,,,,,,,,,,,,,,,,,,,,,,,,,2026-10-04T14:33:52Z,,
2026,9,Wake Forest,Virginia,2026-10-31,REG,4.3,51.7,0.6,-5.5,51.5,0.372,,,,,,,,,,,,,,,,,,,,,,,,,,,,,,,,,,,,,2026-10-04T14:33:52Z,,
2026,10,Arizona,TCU,2026-11-06,REG,6.5,48.0,0.648,4.4,48.9,0.604,,,,,,,,,,,,,,,,,,,,,,,,,,,,,,,,,,,,,2026-10-04T14:33:52Z,,
2026,10,Arizona State,Colorado,2026-11-07,REG,1.0,44.2,0.523,3.8,44.7,0.589,,,,,,,,,,,,,,,,,,,,,,,,,,,,,,,,,,,,,2026-10-04T14:33:52Z,,
2026,10,Auburn,Arkansas,2026-11-07,REG,10.4,50.2,0.73,10.7,51.7,0.735,,,,,,,,,,,,,,,,,,,,,,,,,,,,,,,,,,,,,2026-10-04T14:33:52Z,,
2026,10,Baylor,Iowa State,2026-11-07,REG,3.7,50.9,0.587,0.3,47.9,0.506,,,,,,,,,,,,,,,,,,,,,,,,,,,,,,,,,,,,,2026-10-04T14:33:52Z,,
2026,10,Boston College,Florida State,2026-11-07,REG,-5.6,53.8,0.37,-2.0,54.9,0.454,,,,,,,,,,,,,,,,,,,,,,,,,,,,,,,,,,,,,2026-10-04T14:33:52Z,,
2026,10,Florida,Oklahoma,2026-11-07,REG,1.4,46.9,0.532,5.3,46.6,0.623,,,,,,,,,,,,,,,,,,,,,,,,,,,,,,,,,,,,,2026-10-04T14:33:52Z,,
2026,10,Georgia Tech,Louisville,2026-11-07,REG,-2.9,57.1,0.432,-4.6,56.3,0.393,,,,,,,,,,,,,,,,,,,,,,,,,,,,,,,,,,,,,2026-10-04T14:33:52Z,,
2026,10,Houston,Cincinnati,2026-11-07,REG,6.6,58.1,0.651,4.6,60.0,0.607,,,,,,,,,,,,,,,,,,,,,,,,,,,,,,,,,,,,,2026-10-04T14:33:52Z,,
2026,10,Illinois,Nebraska,2026-11-06,REG,-6.5,57.0,0.351,-2.9,58.0,0.432,,,,,,,,,,,,,,,,,,,,,,,,,,,,,,,,,,,,,2026-10-04T14:33:52Z,,
2026,10,Kansas,UCF,2026-11-07,REG,9.4,49.2,0.711,2.6,49.8,0.561,,,,,,,,,,,,,,,,,,,,,,,,,,,,,,,,,,,,,2026-10-04T14:33:52Z,,
2026,10,Kansas State,Oklahoma State,2026-11-07,REG,9.0,51.9,0.702,9.1,51.9,0.704,,,,,,,,,,,,,,,,,,,,,,,,,,,,,,,,,,,,,2026-10-04T14:33:52Z,,
2026,10,LSU,Alabama,2026-11-07,REG,-0.3,48.4,0.493,-0.5,47.0,0.487,,,,,,,,,,,,,,,,,,,,,,,,,,,,,,,,,,,,,2026-10-04T14:33:52Z,,
2026,10,Michigan,Michigan State,2026-11-07,REG,15.7,46.3,0.823,14.1,49.1,0.798,,,,,,,,,,,,,,,,,,,,,,,,,,,,,,,,,,,,,2026-10-04T14:33:52Z,,
2026,10,Minnesota,UCLA,2026-11-07,REG,-1.2,48.5,0.472,-1.6,50.7,0.461,,,,,,,,,,,,,,,,,,,,,,,,,,,,,,,,,,,,,2026-10-04T14:33:52Z,,
2026,10,Mississippi State,Vanderbilt,2026-11-07,REG,-1.9,57.2,0.456,-0.5,56.1,0.488,,,,,,,,,,,,,,,,,,,,,,,,,,,,,,,,,,,,,2026-10-04T14:33:52Z,,
2026,10,Missouri,Texas,2026-11-07,REG,4.3,50.1,0.601,3.1,49.2,0.572,,,,,,,,,,,,,,,,,,,,,,,,,,,,,,,,,,,,,2026-10-04T14:33:52Z,,
2026,10,NC State,Duke,2026-11-07,REG,-5.4,57.6,0.376,-5.1,57.0,0.383,,,,,,,,,,,,,,,,,,,,,,,,,,,,,,,,,,,,,2026-10-04T14:33:52Z,,
2026,10,Northwestern,Iowa,2026-11-07,REG,-1.3,50.8,0.47,-6.0,50.7,0.361,,,,,,,,,,,,,,,,,,,,,,,,,,,,,,,,,,,,,2026-10-04T14:33:52Z,,
2026,10,Notre Dame,Miami,2026-11-07,REG,1.8,54.2,0.541,4.2,53.4,0.599,,,,,,,,,,,,,,,,,,,,,,,,,,,,,,,,,,,,,2026-10-04T14:33:52Z,,
2026,10,Ohio State,Oregon,2026-11-07,REG,4.0,53.2,0.592,4.7,53.7,0.61,,,,,,,,,,,,,,,,,,,,,,,,,,,,,,,,,,,,,2026-10-04T14:33:52Z,,
2026,10,Ole Miss,Georgia,2026-11-07,REG,-7.6,56.7,0.327,-7.9,55.2,0.321,,,,,,,,,,,,,,,,,,,,,,,,,,,,,,,,,,,,,2026-10-04T14:33:52Z,,
2026,10,Purdue,Maryland,2026-11-07,REG,-0.6,54.8,0.487,-6.2,55.3,0.358,,,,,,,,,,,,,,,,,,,,,,,,,,,,,,,,,,,,,2026-10-04T14:33:52Z,,
2026,10,SMU,Virginia Tech,2026-11-06,REG,7.8,53.4,0.676,9.5,53.7,0.712,,,,,,,,,,,,,,,,,,,,,,,,,,,,,,,,,,,,,2026-10-04T14:33:52Z,,
2026,10,South Carolina,Texas A&M,2026-11-07,REG,-4.2,51.1,0.403,-0.9,51.5,0.478,,,,,,,,,,,,,,,,,,,,,,,,,,,,,,,,,,,,,2026-10-04T14:33:52Z,,
2026,10,Syracuse,Clemson,2026-11-07,REG,-4.6,46.6,0.393,-9.9,44.8,0.279,,,,,,,,,,,,,,,,,,,,,,,,,,,,,,,,,,,,,2026-10-04T14:33:52Z,,
2026,10,Tennessee,Kentucky,2026-11-07,REG,6.7,52.1,0.654,6.8,52.8,0.657,,,,,,,,,,,,,,,,,,,,,,,,,,,,,,,,,,,,,2026-10-04T14:33:52Z,,
2026,10,Texas Tech,West Virginia,2026-11-07,REG,18.3,49.7,0.859,20.1,49.7,0.882,,,,,,,,,,,,,,,,,,,,,,,,,,,,,,,,,,,,,2026-10-04T14:33:52Z,,
2026,10,UConn,North Carolina,2026-11-07,REG,6.1,55.0,0.641,6.9,54.1,0.658,,,,,,,,,,,,,,,,,,,,,,,,,,,,,,,,,,,,,2026-10-04T14:33:52Z,,
2026,10,Utah,BYU,2026-11-07,REG,6.0,52.6,0.638,4.9,53.8,0.614,,,,,,,,,,,,,,,,,,,,,,,,,,,,,,,,,,,,,2026-10-04T14:33:52Z,,
2026,10,Washington,Penn State,2026-11-07,REG,3.0,50.1,0.569,2.7,49.5,0.564,,,,,,,,,,,,,,,,,,,,,,,,,,,,,,,,,,,,,2026-10-04T14:33:52Z,,
2026,10,Wisconsin,Rutgers,2026-11-07,REG,12.2,51.5,0.764,4.6,51.2,0.608,,,,,,,,,,,,,,,,,,,,,,,,,,,,,,,,,,,,,2026-10-04T14:33:52Z,,
2026,11,Arizona,Utah,2026-11-14,REG,-1.4,52.6,0.468,-2.0,52.6,0.452,,,,,,,,,,,,,,,,,,,,,,,,,,,,,,,,,,,,,2026-10-04T14:33:52Z,,
2026,11,Arkansas,South Carolina,2026-11-14,REG,-1.7,53.3,0.459,-0.1,54.1,0.498,,,,,,,,,,,,,,,,,,,,,,,,,,,,,,,,,,,,,2026-10-04T14:33:52Z,,
2026,11,BYU,Baylor,2026-11-14,REG,5.1,49.3,0.618,8.6,49.6,0.693,,,,,,,,,,,,,,,,,,,,,,,,,,,,,,,,,,,,,2026-10-04T14:33:52Z,,
2026,11,Clemson,Georgia Tech,2026-11-14,REG,2.4,51.6,0.557,6.1,50.7,0.64,,,,,,,,,,,,,,,,,,,,,,,,,,,,,,,,,,,,,2026-10-04T14:33:52Z,,
2026,11,Colorado,Houston,2026-11-13,REG,-8.0,49.1,0.318,-9.4,51.6,0.289,,,,,,,,,,,,,,,,,,,,,,,,,,,,,,,,,,,,,2026-10-04T14:33:52Z,,
2026,11,Georgia,Missouri,2026-11-14,REG,9.1,53.0,0.705,10.8,50.5,0.739,,,,,,,,,,,,,,,,,,,,,,,,,,,,,,,,,,,,,2026-10-04T14:33:52Z,,
2026,11,Indiana,USC,2026-11-14,REG,16.5,58.6,0.835,16.4,58.6,0.834,,,,,,,,,,,,,,,,,,,,,,,,,,,,,,,,,,,,,2026-10-04T14:33:52Z,,
2026,11,Iowa,Purdue,2026-11-14,REG,15.1,54.0,0.814,21.8,53.9,0.901,,,,,,,,,,,,,,,,,,,,,,,,,,,,,,,,,,,,,2026-10-04T14:33:52Z,,
2026,11,Iowa State,Cincinnati,2026-11-14,REG,4.1,56.7,0.595,1.9,55.7,0.545,,,,,,,,,,,,,,,,,,,,,,,,,,,,,,,,,,,,,2026-10-04T14:33:52Z,,
2026,11,Kentucky,Florida,2026-11-14,REG,2.5,55.0,0.558,-1.6,54.4,0.461,,,,,,,,,,,,,,,,,,,,,,,,,,,,,,,,,,,,,2026-10-04T14:33:52Z,,
2026,11,LSU,Texas,2026-11-14,REG,9.1,46.9,0.704,6.8,45.9,0.656,,,,,,,,,,,,,,,,,,,,,,,,,,,,,,,,,,,,,2026-10-04T14:33:52Z,,
2026,11,Maryland,Wisconsin,2026-11-14,REG,-6.4,46.0,0.353,-0.1,46.7,0.498,,,,,,,,,,,,,,,,,,,,,,,,,,,,,,,,,,,,,2026-10-04T14:33:52Z,,
2026,11,Miami,Duke,2026-11-14,REG,9.2,55.6,0.707,9.1,55.6,0.705,,,,,,,,,,,,,,,,,,,,,,,,,,,,,,,,,,,,,2026-10-04T14:33:52Z,,
2026,11,Michigan State,Washington,2026-11-14,REG,-13.5,48.6,0.213,-13.4,49.1,0.214,,,,,,,,,,,,,,,,,,,,,,,,,,,,,,,,,,,,,2026-10-04T14:33:52Z,,
2026,11,Mississippi State,Auburn,2026-11-14,REG,-2.4,52.0,0.443,0.2,52.6,0.505,,,,,,,,,,,,,,,,,,,,,,,,,,,,,,,,,,,,,2026-10-04T14:33:52Z,,
2026,11,NC State,Syracuse,2026-11-14,REG,8.9,53.4,0.699,10.9,51.8,0.74,,,,,,,,,,,,,,,,,,,,,,,,,,,,,,,,,,,,,2026-10-04T14:33:52Z,,
2026,11,North Carolina,Louisville,2026-11-14,REG,-3.9,54.4,0.409,-4.6,52.6,0.392,,,,,,,,,,,,,,,,,,,,,,,,,,,,,,,,,,,,,2026-10-04T14:33:52Z,,
2026,11,Notre Dame,Boston College,2026-11-14,REG,20.3,51.6,0.884,23.2,50.5,0.915,,,,,,,,,,,,,,,,,,,,,,,,,,,,,,,,,,,,,2026-10-04T14:33:52Z,,
2026,11,Ohio State,Northwestern,2026-11-14,REG,14.3,54.2,0.8,16.3,54.8,0.832,,,,,,,,,,,,,,,,,,,,,,,,,,,,,,,,,,,,,2026-10-04T14:33:52Z,,
2026,11,Oklahoma,Ole Miss,2026-11-14,REG,0.5,47.6,0.512,0.4,47.6,0.51,,,,,,,,,,,,,,,,,,,,,,,,,,,,,,,,,,,,,2026-10-04T14:33:52Z,,
2026,11,Oklahoma State,Texas Tech,2026-11-14,REG,-11.0,46.7,0.258,-12.5,48.5,0.229,,,,,,,,,,,,,,,,,,,,,,,,,,,,,,,,,,,,,2026-10-04T14:33:52Z,,
2026,11,Oregon,Michigan,2026-11-14,REG,9.3,48.4,0.709,8.1,50.4,0.683,,,,,,,,,,,,,,,,,,,,,,,,,,,,,,,,,,,,,2026-10-04T14:33:52Z,,
2026,11,Penn State,Minnesota,2026-11-14,REG,6.7,48.9,0.654,10.3,50.8,0.728,,,,,,,,,,,,,,,,,,,,,,,,,,,,,,,,,,,,,2026-10-04T14:33:52Z,,
2026,11,Pittsburgh,Florida State,2026-11-13,REG,4.6,53.3,0.606,11.0,54.2,0.742,,,,,,,,,,,,,,,,,,,,,,,,,,,,,,,,,,,,,2026-10-04T14:33:52Z,,
2026,11,Rutgers,Nebraska,2026-11-14,REG,-12.7,56.9,0.227,-7.3,57.3,0.334,,,,,,,,,,,,,,,,,,,,,,,,,,,,,,,,,,,,,2026-10-04T14:33:52Z,,
2026,11,SMU,Wake Forest,2026-11-14,REG,1.4,54.7,0.532,7.6,54.4,0.673,,,,,,,,,,,,,,,,,,,,,,,,,,,,,,,,,,,,,2026-10-04T14:33:52Z,,
2026,11,TCU,Kansas State,2026-11-14,REG,-1.0,50.1,0.476,0.4,51.0,0.508,,,,,,,,,,,,,,,,,,,,,,,,,,,,,,,,,,,,,2026-10-04T14:33:52Z,,
2026,11,Texas A&M,Tennessee,2026-11-14,REG,-2.8,50.1,0.434,-5.3,51.6,0.376,,,,,,,,,,,,,,,,,,,,,,,,,,,,,,,,,,,,,2026-10-04T14:33:52Z,,
2026,11,UCF,Arizona State,2026-11-14,REG,7.0,46.1,0.661,4.3,44.9,0.601,,,,,,,,,,,,,,,,,,,,,,,,,,,,,,,,,,,,,2026-10-04T14:33:52Z,,
2026,11,UCLA,Illinois,2026-11-13,REG,6.9,55.2,0.657,4.9,55.2,0.613,,,,,,,,,,,,,,,,,,,,,,,,,,,,,,,,,,,,,2026-10-04T14:33:52Z,,
2026,11,Vanderbilt,Alabama,2026-11-14,REG,-9.8,54.8,0.282,-4.1,53.2,0.405,,,,,,,,,,,,,,,,,,,,,,,,,,,,,,,,,,,,,2026-10-04T14:33:52Z,,
2026,11,Virginia,California,2026-11-14,REG,10.6,47.8,0.735,14.8,48.0,0.809,,,,,,,,,,,,,,,,,,,,,,,,,,,,,,,,,,,,,2026-10-04T14:33:52Z,,
2026,11,Virginia Tech,Stanford,2026-11-14,REG,13.5,54.7,0.788,10.4,54.4,0.731,,,,,,,,,,,,,,,,,,,,,,,,,,,,,,,,,,,,,2026-10-04T14:33:52Z,,
2026,11,West Virginia,Kansas,2026-11-14,REG,-9.1,54.1,0.295,-2.5,52.9,0.441,,,,,,,,,,,,,,,,,,,,,,,,,,,,,,,,,,,,,2026-10-04T14:33:52Z,,
2026,12,Arizona State,Oklahoma State,2026-11-21,REG,-3.6,48.0,0.417,-0.7,46.8,0.483,,,,,,,,,,,,,,,,,,,,,,,,,,,,,,,,,,,,,2026-10-04T14:33:52Z,,
2026,12,Baylor,Texas Tech,2026-11-21,REG,-6.3,46.2,0.356,-10.1,47.0,0.276,,,,,,,,,,,,,,,,,,,,,,,,,,,,,,,,,,,,,2026-10-04T14:33:52Z,,
2026,12,Boston College,Syracuse,2026-11-21,REG,4.9,48.8,0.614,6.1,47.6,0.641,,,,,,,,,,,,,,,,,,,,,,,,,,,,,,,,,,,,,2026-10-04T14:33:52Z,,
2026,12,California,Stanford,2026-11-21,REG,8.7,52.0,0.696,6.7,51.6,0.654,,,,,,,,,,,,,,,,,,,,,,,,,,,,,,,,,,,,,2026-10-04T14:33:52Z,,
2026,12,Cincinnati,Colorado,2026-11-21,REG,7.0,51.3,0.659,10.4,54.0,0.731,,,,,,,,,,,,,,,,,,,,,,,,,,,,,,,,,,,,,2026-10-04T14:33:52Z,,
2026,12,Duke,Clemson,2026-11-20,REG,9.6,50.8,0.715,6.0,50.0,0.639,,,,,,,,,,,,,,,,,,,,,,,,,,,,,,,,,,,,,2026-10-04T14:33:52Z,,
2026,12,Florida,Vanderbilt,2026-11-21,REG,2.6,57.6,0.561,2.8,56.0,0.567,,,,,,,,,,,,,,,,,,,,,,,,,,,,,,,,,,,,,2026-10-04T14:33:52Z,,
2026,12,Florida State,NC State,2026-11-21,REG,5.4,58.4,0.624,0.9,59.1,0.521,,,,,,,,,,,,,,,,,,,,,,,,,,,,,,,,,,,,,2026-10-04T14:33:52Z,,
2026,12,Georgia Tech,Wake Forest,2026-11-21,REG,-5.4,57.0,0.374,-1.2,56.5,0.471,,,,,,,,,,,,,,,,,,,,,,,,,,,,,,,,,,,,,2026-10-04T14:33:52Z,,
2026,12,Illinois,Iowa,2026-11-21,REG,-4.9,52.9,0.386,-6.5,52.6,0.351,,,,,,,,,,,,,,,,,,,,,,,,,,,,,,,,,,,,,2026-10-04T14:33:52Z,,
2026,12,Kansas,BYU,2026-11-21,REG,1.2,51.1,0.528,-6.7,53.0,0.347,,,,,,,,,,,,,,,,,,,,,,,,,,,,,,,,,,,,,2026-10-04T14:33:52Z,,
2026,12,Kansas State,Arizona,2026-11-21,REG,0.1,51.9,0.502,0.8,51.9,0.519,,,,,,,,,,,,,,,,,,,,,,,,,,,,,,,,,,,,,2026-10-04T14:33:52Z,,
2026,12,Louisville,Pittsburgh,2026-11-21,REG,-0.8,52.3,0.481,-1.3,51.1,0.47,,,,,,,,,,,,,,,,,,,,,,,,,,,,,,,,,,,,,2026-10-04T14:33:52Z,,
2026,12,Miami,Virginia Tech,2026-11-21,REG,16.7,54.1,0.838,16.3,54.3,0.831,,,,,,,,,,,,,,,,,,,,,,,,,,,,,,,,,,,,,2026-10-04T14:33:52Z,,
2026,12,Michigan,UCLA,2026-11-21,REG,3.3,47.4,0.577,4.6,49.3,0.608,,,,,,,,,,,,,,,,,,,,,,,,,,,,,,,,,,,,,2026-10-04T14:33:52Z,,
2026,12,Michigan State,Oregon,2026-11-20,REG,-19.5,51.1,0.125,-16.6,52.0,0.163,,,,,,,,,,,,,,,,,,,,,,,,,,,,,,,,,,,,,2026-10-04T14:33:52Z,,
2026,12,Minnesota,Northwestern,2026-11-21,REG,0.2,50.5,0.504,1.0,52.8,0.523,,,,,,,,,,,,,,,,,,,,,,,,,,,,,,,,,,,,,2026-10-04T14:33:52Z,,
2026,12,Missouri,Kentucky,2026-11-21,REG,5.1,52.0,0.619,4.2,50.8,0.597,,,,,,,,,,,,,,,,,,,,,,,,,,,,,,,,,,,,,2026-10-04T14:33:52Z,,
2026,12,Nebraska,Ohio State,2026-11-21,REG,-5.9,54.0,0.364,-8.2,55.5,0.313,,,,,,,,,,,,,,,,,,,,,,,,,,,,,,,,,,,,,2026-10-04T14:33:52Z,,
2026,12,Notre Dame,SMU,2026-11-21,REG,10.7,53.5,0.736,11.0,52.8,0.743,,,,,,,,,,,,,,,,,,,,,,,,,,,,,,,,,,,,,2026-10-04T14:33:52Z,,
2026,12,Oklahoma,Texas A&M,2026-11-21,REG,1.4,42.5,0.534,4.2,43.2,0.597,,,,,,,,,,,,,,,,,,,,,,,,,,,,,,,,,,,,,2026-10-04T14:33:52Z,,
2026,12,Penn State,Rutgers,2026-11-21,REG,14.9,55.4,0.811,14.2,54.6,0.799,,,,,,,,,,,,,,,,,,,,,,,,,,,,,,,,,,,,,2026-10-04T14:33:52Z,,
2026,12,Purdue,Wisconsin,2026-11-21,REG,-8.8,52.7,0.302,-8.1,53.2,0.316,,,,,,,,,,,,,,,,,,,,,,,,,,,,,,,,,,,,,2026-10-04T14:33:52Z,,
2026,12,South Carolina,Georgia,2026-11-21,REG,-14.5,54.1,0.196,-14.4,52.4,0.197,,,,,,,,,,,,,,,,,,,,,,,,,,,,,,,,,,,,,2026-10-04T14:33:52Z,,
2026,12,TCU,Utah,2026-11-21,REG,-6.0,50.8,0.362,-4.6,51.7,0.392,,,,,,,,,,,,,,,,,,,,,,,,,,,,,,,,,,,,,2026-10-04T14:33:52Z,,
2026,12,Tennessee,LSU,2026-11-21,REG,-1.3,48.2,0.469,0.8,48.2,0.519,,,,,,,,,,,,,,,,,,,,,,,,,,,,,,,,,,,,,2026-10-04T14:33:52Z,,
2026,12,Texas,Arkansas,2026-11-21,REG,12.0,50.9,0.76,9.9,51.9,0.721,,,,,,,,,,,,,,,,,,,,,,,,,,,,,,,,,,,,,2026-10-04T14:33:52Z,,
2026,12,UCF,Iowa State,2026-11-20,REG,-1.2,49.5,0.472,-2.3,47.5,0.446,,,,,,,,,,,,,,,,,,,,,,,,,,,,,,,,,,,,,2026-10-04T14:33:52Z,,
2026,12,USC,Maryland,2026-11-21,REG,10.7,54.3,0.736,7.8,55.5,0.677,,,,,,,,,,,,,,,,,,,,,,,,,,,,,,,,,,,,,2026-10-04T14:33:52Z,,
2026,12,Virginia,North Carolina,2026-11-21,REG,7.7,50.0,0.674,12.4,49.3,0.768,,,,,,,,,,,,,,,,,,,,,,,,,,,,,,,,,,,,,2026-10-04T14:33:52Z,,
2026,12,Washington,Indiana,2026-11-21,REG,-9.6,52.5,0.285,-6.2,51.3,0.356,,,,,,,,,,,,,,,,,,,,,,,,,,,,,,,,,,,,,2026-10-04T14:33:52Z,,
2026,12,West Virginia,Houston,2026-11-21,REG,-7.1,55.8,0.338,-8.7,54.9,0.305,,,,,,,,,,,,,,,,,,,,,,,,,,,,,,,,,,,,,2026-10-04T14:33:52Z,,
2026,13,Alabama,Auburn,2026-11-28,REG,12.9,49.6,0.776,8.5,49.8,0.692,,,,,,,,,,,,,,,,,,,,,,,,,,,,,,,,,,,,,2026-10-04T14:33:52Z,,
2026,13,Arizona,Arizona State,2026-11-28,REG,16.1,48.0,0.829,12.7,46.8,0.774,,,,,,,,,,,,,,,,,,,,,,,,,,,,,,,,,,,,,2026-10-04T14:33:52Z,,
2026,13,Arkansas,LSU,2026-11-28,REG,-15.6,49.0,0.179,-11.2,49.0,0.255,,,,,,,,,,,,,,,,,,,,,,,,,,,,,,,,,,,,,2026-10-04T14:33:52Z,,
2026,13,BYU,Cincinnati,2026-11-28,REG,9.2,55.1,0.707,7.0,57.3,0.66,,,,,,,,,,,,,,,,,,,,,,,,,,,,,,,,,,,,,2026-10-04T14:33:52Z,,
2026,13,California,Pittsburgh,2026-11-28,REG,-9.5,48.2,0.287,-10.2,47.9,0.273,,,,,,,,,,,,,,,,,,,,,,,,,,,,,,,,,,,,,2026-10-04T14:33:52Z,,
2026,13,Clemson,South Carolina,2026-11-28,REG,4.7,49.4,0.61,8.0,48.3,0.681,,,,,,,,,,,,,,,,,,,,,,,,,,,,,,,,,,,,,2026-10-04T14:33:52Z,,
2026,13,Colorado,UCF,2026-11-28,REG,-2.5,44.2,0.442,-2.5,45.8,0.44,,,,,,,,,,,,,,,,,,,,,,,,,,,,,,,,,,,,,2026-10-04T14:33:52Z,,
2026,13,Florida State,Florida,2026-11-27,REG,3.7,57.8,0.586,-4.3,58.7,0.4,,,,,,,,,,,,,,,,,,,,,,,,,,,,,,,,,,,,,2026-10-04T14:33:52Z,,
2026,13,Georgia,Georgia Tech,2026-11-28,REG,15.9,56.3,0.826,16.3,54.8,0.831,,,,,,,,,,,,,,,,,,,,,,,,,,,,,,,,,,,,,2026-10-04T14:33:52Z,,
2026,13,Houston,Baylor,2026-11-28,REG,2.4,52.3,0.557,6.1,52.2,0.642,,,,,,,,,,,,,,,,,,,,,,,,,,,,,,,,,,,,,2026-10-04T14:33:52Z,,
2026,13,Indiana,Purdue,2026-11-28,REG,27.8,59.1,0.949,30.4,58.4,0.963,,,,,,,,,,,,,,,,,,,,,,,,,,,,,,,,,,,,,2026-10-04T14:33:52Z,,
2026,13,Iowa,Nebraska,2026-11-27,REG,0.3,50.6,0.507,5.4,51.4,0.626,,,,,,,,,,,,,,,,,,,,,,,,,,,,,,,,,,,,,2026-10-04T14:33:52Z,,
2026,13,Iowa State,Kansas State,2026-11-28,REG,-2.5,53.5,0.442,-1.3,51.5,0.47,,,,,,,,,,,,,,,,,,,,,,,,,,,,,,,,,,,,,2026-10-04T14:33:52Z,,
2026,13,Kentucky,Louisville,2026-11-28,REG,0.5,54.4,0.512,-1.5,53.3,0.466,,,,,,,,,,,,,,,,,,,,,,,,,,,,,,,,,,,,,2026-10-04T14:33:52Z,,
2026,13,Maryland,Penn State,2026-11-28,REG,-9.1,50.0,0.295,-9.6,50.2,0.285,,,,,,,,,,,,,,,,,,,,,,,,,,,,,,,,,,,,,2026-10-04T14:33:52Z,,
2026,13,Miami,Boston College,2026-11-28,REG,20.4,52.1,0.885,20.9,51.9,0.891,,,,,,,,,,,,,,,,,,,,,,,,,,,,,,,,,,,,,2026-10-04T14:33:52Z,,
2026,13,Missouri,Oklahoma,2026-11-28,REG,5.3,43.9,0.623,4.1,43.0,0.595,,,,,,,,,,,,,,,,,,,,,,,,,,,,,,,,,,,,,2026-10-04T14:33:52Z,,
2026,13,North Carolina,NC State,2026-11-28,REG,-0.3,55.7,0.493,0.4,54.1,0.509,,,,,,,,,,,,,,,,,,,,,,,,,,,,,,,,,,,,,2026-10-04T14:33:52Z,,
2026,13,Northwestern,Illinois,2026-11-28,REG,5.5,57.3,0.627,2.3,57.3,0.554,,,,,,,,,,,,,,,,,,,,,,,,,,,,,,,,,,,,,2026-10-04T14:33:52Z,,
2026,13,Ohio State,Michigan,2026-11-28,REG,11.4,48.4,0.75,11.0,50.8,0.741,,,,,,,,,,,,,,,,,,,,,,,,,,,,,,,,,,,,,2026-10-04T14:33:52Z,,
2026,13,Oklahoma State,Kansas,2026-11-28,REG,-5.5,51.1,0.372,1.3,51.7,0.53,,,,,,,,,,,,,,,,,,,,,,,,,,,,,,,,,,,,,2026-10-04T14:33:52Z,,
2026,13,Ole Miss,Mississippi State,2026-11-27,REG,8.1,57.7,0.684,3.2,57.8,0.576,,,,,,,,,,,,,,,,,,,,,,,,,,,,,,,,,,,,,2026-10-04T14:33:52Z,,
2026,13,Oregon,Washington,2026-11-28,REG,7.8,50.8,0.678,5.1,50.4,0.618,,,,,,,,,,,,,,,,,,,,,,,,,,,,,,,,,,,,,2026-10-04T14:33:52Z,,
2026,13,Rutgers,Michigan State,2026-11-28,REG,3.0,54.0,0.57,4.0,54.2,0.593,,,,,,,,,,,,,,,,,,,,,,,,,,,,,,,,,,,,,2026-10-04T14:33:52Z,,
2026,13,Stanford,SMU,2026-11-28,REG,-15.8,54.7,0.176,-14.3,54.3,0.199,,,,,,,,,,,,,,,,,,,,,,,,,,,,,,,,,,,,,2026-10-04T14:33:52Z,,
2026,13,Syracuse,Notre Dame,2026-11-28,REG,-19.7,50.8,0.123,-23.7,49.1,0.081,,,,,,,,,,,,,,,,,,,,,,,,,,,,,,,,,,,,,2026-10-04T14:33:52Z,,
2026,13,Texas A&M,Texas,2026-11-27,REG,1.3,48.7,0.53,-1.5,49.3,0.466,,,,,,,,,,,,,,,,,,,,,,,,,,,,,,,,,,,,,2026-10-04T14:33:52Z,,
2026,13,Texas Tech,TCU,2026-11-26,REG,10.4,45.0,0.73,10.6,47.6,0.734,,,,,,,,,,,,,,,,,,,,,,,,,,,,,,,,,,,,,2026-10-04T14:33:52Z,,
2026,13,UCLA,USC,2026-11-28,REG,2.1,55.9,0.549,2.5,56.7,0.56,,,,,,,,,,,,,,,,,,,,,,,,,,,,,,,,,,,,,2026-10-04T14:33:52Z,,
2026,13,Utah,West Virginia,2026-11-27,REG,17.6,55.5,0.85,17.8,53.8,0.854,,,,,,,,,,,,,,,,,,,,,,,,,,,,,,,,,,,,,2026-10-04T14:33:52Z,,
2026,13,Vanderbilt,Tennessee,2026-11-28,REG,-4.4,54.7,0.397,-0.6,54.4,0.486,,,,,,,,,,,,,,,,,,,,,,,,,,,,,,,,,,,,,2026-10-04T14:33:52Z,,
2026,13,Virginia Tech,Virginia,2026-11-28,REG,-2.1,50.4,0.451,-7.4,50.9,0.332,,,,,,,,,,,,,,,,,,,,,,,,,,,,,,,,,,,,,2026-10-04T14:33:52Z,,
2026,13,Wake Forest,Duke,2026-11-28,REG,0.8,56.3,0.518,-3.4,55.8,0.421,,,,,,,,,,,,,,,,,,,,,,,,,,,,,,,,,,,,,2026-10-04T14:33:52Z,,
2026,13,Wisconsin,Minnesota,2026-11-27,REG,4.0,44.9,0.593,0.7,47.4,0.518,,,,,,,,,,,,,,,,,,,,,,,,,,,,,,,,,,,,,2026-10-04T14:33:52Z,,
