id,season,week,start,home_team,away_team,neutral,rating_line,home_score,away_score,logged_at
401858245,2026,5,2026-10-02T23:00:00.000Z,Virginia Tech,Pittsburgh,False,-3.48,33.0,35.0,2026-10-02T21:53:24+00:00
401871050,2026,5,2026-10-02T23:00:00.000Z,Delaware,Liberty,False,-0.17,14.0,30.0,2026-10-02T21:53:24+00:00
401858476,2026,5,2026-10-03T00:00:00.000Z,Northwestern,Penn State,False,-3.37,34.0,13.0,2026-10-02T21:53:24+00:00
401862787,2026,5,2026-10-03T15:00:00.000Z,Charlotte,Memphis,False,-18.6,8.0,59.0,2026-10-03T01:57:42+00:00
401856707,2026,5,2026-10-03T16:00:00.000Z,Mississippi State,Alabama,False,-6.86,23.0,56.0,2026-10-03T01:57:42+00:00
401856807,2026,5,2026-10-03T16:00:00.000Z,Kansas,Middle Tennessee,False,19.15,55.0,0.0,2026-10-03T01:57:42+00:00
401856819,2026,5,2026-10-03T16:00:00.000Z,Houston,UCF,False,7.79,27.0,17.0,2026-10-03T01:57:42+00:00
401856822,2026,5,2026-10-03T16:00:00.000Z,Iowa State,West Virginia,False,13.22,45.0,42.0,2026-10-03T01:57:42+00:00
401858246,2026,5,2026-10-03T16:00:00.000Z,SMU,Boston College,False,20.19,25.0,16.0,2026-10-03T01:57:42+00:00
401858250,2026,5,2026-10-03T16:00:00.000Z,North Carolina,Notre Dame,False,-25.06,26.0,37.0,2026-10-03T01:57:42+00:00
401858251,2026,5,2026-10-03T16:00:00.000Z,Wake Forest,Stanford,False,15.48,57.0,3.0,2026-10-03T01:57:42+00:00
401858252,2026,5,2026-10-03T16:00:00.000Z,UConn,Syracuse,False,5.19,41.0,42.0,2026-10-03T01:57:42+00:00
401858474,2026,5,2026-10-03T16:00:00.000Z,Minnesota,Michigan,False,-2.76,20.0,14.0,2026-10-03T01:57:42+00:00
401862791,2026,5,2026-10-03T16:00:00.000Z,Air Force,Navy,False,0.48,14.0,9.0,2026-10-03T01:57:42+00:00
401858479,2026,5,2026-10-03T16:30:00.000Z,Wisconsin,Michigan State,False,6.2,31.0,3.0,2026-10-03T01:57:42+00:00
401856705,2026,5,2026-10-03T16:45:00.000Z,Georgia,Vanderbilt,False,19.52,38.0,14.0,2026-10-03T01:57:42+00:00
401866432,2026,5,2026-10-03T17:00:00.000Z,Buffalo,Western Michigan,False,-13.78,17.0,20.0,2026-10-03T01:57:42+00:00
401866431,2026,5,2026-10-03T18:00:00.000Z,Ball State,Toledo,False,-24.99,24.0,39.0,2026-10-03T01:57:42+00:00
401856708,2026,5,2026-10-03T19:30:00.000Z,Missouri,Florida,False,-2.44,45.0,17.0,2026-10-03T01:57:42+00:00
401856710,2026,5,2026-10-03T19:30:00.000Z,Tennessee,Auburn,False,9.06,24.0,14.0,2026-10-03T01:57:42+00:00
401858247,2026,5,2026-10-03T19:30:00.000Z,UNLV,California,False,5.87,39.0,31.0,2026-10-03T01:57:42+00:00
401858248,2026,5,2026-10-03T19:30:00.000Z,NC State,Louisville,False,3.38,31.0,28.0,2026-10-03T01:57:42+00:00
401858253,2026,5,2026-10-03T19:30:00.000Z,Florida State,Virginia,False,-2.4,38.0,7.0,2026-10-03T01:57:42+00:00
401858473,2026,5,2026-10-03T19:30:00.000Z,Iowa,Ohio State,False,-7.47,14.0,31.0,2026-10-03T01:57:42+00:00
401864515,2026,5,2026-10-03T19:30:00.000Z,North Dakota State,Wyoming,False,18.35,28.0,0.0,2026-10-03T01:57:42+00:00
401866430,2026,5,2026-10-03T19:30:00.000Z,Central Michigan,Akron,False,7.03,41.0,17.0,2026-10-03T01:57:42+00:00
401866433,2026,5,2026-10-03T19:30:00.000Z,Massachusetts,Eastern Michigan,False,6.16,14.0,38.0,2026-10-03T01:57:42+00:00
401866434,2026,5,2026-10-03T19:30:00.000Z,Kent State,Ohio,False,-11.08,10.0,13.0,2026-10-03T01:57:42+00:00
401866477,2026,5,2026-10-03T19:30:00.000Z,Miami (OH),Bowling Green,False,18.82,20.0,24.0,2026-10-03T01:57:42+00:00
401869956,2026,5,2026-10-03T19:30:00.000Z,Georgia State,Old Dominion,False,-1.44,42.0,10.0,2026-10-03T01:57:42+00:00
401869962,2026,5,2026-10-03T19:45:00.000Z,James Madison,Marshall,False,33.0,45.0,17.0,2026-10-03T01:57:42+00:00
401858475,2026,5,2026-10-03T20:00:00.000Z,Nebraska,Maryland,False,14.94,48.0,23.0,2026-10-03T01:57:42+00:00
401864514,2026,5,2026-10-03T20:00:00.000Z,New Mexico,UTEP,False,29.36,61.0,7.0,2026-10-03T01:57:42+00:00
401856709,2026,5,2026-10-03T20:15:00.000Z,South Carolina,Kentucky,False,5.09,34.0,35.0,2026-10-03T01:57:42+00:00
401858472,2026,5,2026-10-03T20:15:00.000Z,Illinois,Purdue,False,16.66,17.0,24.0,2026-10-03T01:57:42+00:00
401860899,2026,5,2026-10-03T22:00:00.000Z,Colorado State,Oregon State,False,-2.54,26.0,56.0,2026-10-03T01:57:42+00:00
401856711,2026,5,2026-10-03T23:00:00.000Z,Texas A&M,Arkansas,False,17.09,34.0,7.0,2026-10-03T01:57:42+00:00
401856818,2026,5,2026-10-03T23:00:00.000Z,TCU,BYU,False,-3.26,10.0,17.0,2026-10-03T01:57:42+00:00
401862788,2026,5,2026-10-03T23:00:00.000Z,Rice,UTSA,False,-13.51,14.0,16.0,2026-10-03T01:57:42+00:00
401869942,2026,5,2026-10-03T23:00:00.000Z,Coastal Carolina,Georgia Southern,False,-1.03,24.0,31.0,2026-10-03T01:57:42+00:00
401871089,2026,5,2026-10-03T23:00:00.000Z,South Alabama,UL Monroe,False,19.73,52.0,35.0,2026-10-03T01:57:42+00:00
401856821,2026,5,2026-10-03T23:30:00.000Z,Colorado,Texas Tech,False,-19.56,7.0,29.0,2026-10-03T01:57:42+00:00
401858249,2026,5,2026-10-03T23:30:00.000Z,Clemson,Miami,False,-18.63,13.0,41.0,2026-10-03T01:57:42+00:00
401858478,2026,5,2026-10-03T23:30:00.000Z,USC,Washington,False,9.5,25.0,21.0,2026-10-03T01:57:42+00:00
401860898,2026,5,2026-10-03T23:30:00.000Z,Boise State,Utah State,False,16.01,37.0,18.0,2026-10-03T01:57:42+00:00
401862792,2026,5,2026-10-03T23:30:00.000Z,South Florida,Temple,False,14.92,13.0,17.0,2026-10-03T01:57:42+00:00
401869842,2026,5,2026-10-03T23:30:00.000Z,Louisiana Tech,Army,False,3.03,31.0,29.0,2026-10-03T01:57:42+00:00
401858477,2026,5,2026-10-04T00:00:00.000Z,Rutgers,Indiana,False,-29.52,15.0,47.0,2026-10-03T01:57:42+00:00
401869932,2026,5,2026-10-04T00:00:00.000Z,Louisiana,Arkansas State,False,5.13,23.0,20.0,2026-10-03T01:57:42+00:00
401860921,2026,5,2026-10-04T01:30:00.000Z,Washington State,Fresno State,False,4.58,6.0,26.0,2026-10-03T01:57:42+00:00
401856817,2026,5,2026-10-04T02:30:00.000Z,Arizona State,Baylor,False,5.07,19.0,55.0,2026-10-03T01:57:42+00:00
401860900,2026,5,2026-10-04T02:30:00.000Z,San Diego State,Texas State,False,2.6,31.0,29.0,2026-10-03T01:57:42+00:00
401856820,2026,5,2026-10-04T03:00:00.000Z,Arizona,Cincinnati,False,5.9,34.0,7.0,2026-10-03T01:57:42+00:00
401864513,2026,5,2026-10-04T03:59:00.000Z,Hawai'i,San José State,False,9.18,16.0,20.0,2026-10-03T01:57:42+00:00
401871090,2026,6,2026-10-07T00:00:00.000Z,Troy,Southern Miss,False,5.72,55.0,34.0,2026-10-05T22:35:11+00:00
401871051,2026,6,2026-10-07T23:00:00.000Z,Kennesaw State,Jacksonville State,False,3.84,26.0,27.0,2026-10-05T22:35:11+00:00
401871066,2026,6,2026-10-07T23:30:00.000Z,Florida International,New Mexico State,False,5.33,22.0,3.0,2026-10-05T22:35:11+00:00
401870766,2026,6,2026-10-08T23:00:00.000Z,Liberty,Sam Houston,False,12.01,35.0,3.0,2026-10-05T22:35:11+00:00
401871052,2026,6,2026-10-08T23:00:00.000Z,Western Kentucky,Missouri State,False,2.49,34.0,13.0,2026-10-05T22:35:11+00:00
401862794,2026,6,2026-10-08T23:30:00.000Z,UTSA,South Florida,False,3.43,31.0,24.0,2026-10-05T22:35:11+00:00
401869933,2026,6,2026-10-08T23:30:00.000Z,Arkansas State,South Alabama,False,7.17,49.0,56.0,2026-10-05T22:35:11+00:00
401858254,2026,6,2026-10-09T23:00:00.000Z,Louisville,Florida State,False,2.99,44.0,20.0,2026-10-05T22:35:11+00:00
401858487,2026,6,2026-10-10T01:00:00.000Z,Washington,Iowa,False,-1.86,24.0,41.0,2026-10-05T22:35:11+00:00
401860922,2026,6,2026-10-10T01:00:00.000Z,Utah State,Washington State,False,0.36,17.0,16.0,2026-10-05T22:35:11+00:00
401864519,2026,6,2026-10-10T01:00:00.000Z,San José State,Wyoming,False,9.86,13.0,16.0,2026-10-05T22:35:11+00:00
401856826,2026,6,2026-10-10T02:15:00.000Z,BYU,Iowa State,False,14.59,24.0,10.0,2026-10-05T22:35:11+00:00
401856716,2026,6,2026-10-10T16:00:00.000Z,Missouri,Texas A&M,False,3.15,,,2026-10-05T22:35:11+00:00
401856823,2026,6,2026-10-10T16:00:00.000Z,West Virginia,Arizona,False,-3.15,,,2026-10-05T22:35:11+00:00
401856824,2026,6,2026-10-10T16:00:00.000Z,Oklahoma State,UCF,False,1.69,,,2026-10-05T22:35:11+00:00
401858256,2026,6,2026-10-10T16:00:00.000Z,Pittsburgh,North Carolina,False,13.61,,,2026-10-05T22:35:11+00:00
401858260,2026,6,2026-10-10T16:00:00.000Z,NC State,Wake Forest,False,0.64,,,2026-10-05T22:35:11+00:00
401858481,2026,6,2026-10-10T16:00:00.000Z,Nebraska,Indiana,False,-6.12,,,2026-10-05T22:35:11+00:00
401862795,2026,6,2026-10-10T16:00:00.000Z,Army,Tulane,False,2.78,,,2026-10-05T22:35:11+00:00
401866436,2026,6,2026-10-10T16:00:00.000Z,Bowling Green,Sacramento State,False,4.73,,,2026-10-05T22:35:11+00:00
espn-401858482,2026,6,2026-10-10T16:30Z,Northwestern,Ball State,False,31.38,,,2026-10-10T16:02:53+00:00
espn-401856714,2026,6,2026-10-10T16:45Z,Florida,South Carolina,False,11.89,,,2026-10-10T16:02:53+00:00
espn-401862797,2026,6,2026-10-10T17:00Z,East Carolina,Rice,False,15.74,,,2026-10-10T16:02:53+00:00
espn-401869843,2026,6,2026-10-10T17:00Z,App State,Old Dominion,False,9.33,,,2026-10-10T16:02:53+00:00
espn-401866440,2026,6,2026-10-10T18:00Z,Massachusetts,Miami (OH),False,1.73,,,2026-10-10T16:02:53+00:00
espn-401856717,2026,6,2026-10-10T19:30Z,Oklahoma,Texas,True,-8.67,,,2026-10-10T16:02:53+00:00
espn-401856718,2026,6,2026-10-10T19:30Z,Vanderbilt,Ole Miss,False,-3.71,,,2026-10-10T16:02:53+00:00
espn-401856825,2026,6,2026-10-10T19:30Z,Kansas State,Houston,False,1.25,,,2026-10-10T16:02:53+00:00
espn-401858255,2026,6,2026-10-10T19:30Z,Georgia Tech,Duke,False,-5.26,,,2026-10-10T16:02:53+00:00
espn-401858257,2026,6,2026-10-10T19:30Z,Notre Dame,Stanford,False,40.97,,,2026-10-10T16:02:53+00:00
espn-401858259,2026,6,2026-10-10T19:30Z,California,Virginia Tech,False,-6.44,,,2026-10-10T16:02:53+00:00
espn-401858480,2026,6,2026-10-10T19:30Z,Michigan State,Illinois,False,2.67,,,2026-10-10T16:02:53+00:00
espn-401858484,2026,6,2026-10-10T19:30Z,Oregon,UCLA,False,13.78,,,2026-10-10T16:02:53+00:00
espn-401862796,2026,6,2026-10-10T19:30Z,North Texas,Charlotte,False,31.98,,,2026-10-10T16:02:53+00:00
espn-401862799,2026,6,2026-10-10T19:30Z,Navy,Tulsa,False,-3.35,,,2026-10-10T16:02:53+00:00
espn-401866435,2026,6,2026-10-10T19:30Z,Akron,Eastern Michigan,False,-1.9,,,2026-10-10T16:02:53+00:00
espn-401866437,2026,6,2026-10-10T19:30Z,Toledo,Buffalo,False,26.2,,,2026-10-10T16:02:53+00:00
espn-401866438,2026,6,2026-10-10T19:30Z,Ohio,Central Michigan,False,7.63,,,2026-10-10T16:02:53+00:00
espn-401866439,2026,6,2026-10-10T19:30Z,Western Michigan,Kent State,False,18.58,,,2026-10-10T16:02:53+00:00
espn-401861964,2026,6,2026-10-10T19:45Z,Temple,UConn,False,1.44,,,2026-10-10T16:02:53+00:00
espn-401856713,2026,6,2026-10-10T20:15Z,Arkansas,Tennessee,False,-12.9,,,2026-10-10T16:02:53+00:00
espn-401858483,2026,6,2026-10-10T20:15Z,Ohio State,Maryland,False,32.42,,,2026-10-10T16:02:53+00:00
espn-401860902,2026,6,2026-10-10T22:00Z,Oregon State,San Diego State,False,9.92,,,2026-10-10T16:02:53+00:00
espn-401856715,2026,6,2026-10-10T23:00Z,Kentucky,LSU,False,-8.87,,,2026-10-10T16:02:53+00:00
espn-401862798,2026,6,2026-10-10T23:00Z,Memphis,UAB,False,20.53,,,2026-10-10T16:02:53+00:00
espn-401864517,2026,6,2026-10-10T23:00Z,UTEP,Nevada,False,0.32,,,2026-10-10T16:02:53+00:00
espn-401864518,2026,6,2026-10-10T23:00Z,UNLV,North Dakota State,False,2.86,,,2026-10-10T16:02:53+00:00
espn-401869943,2026,6,2026-10-10T23:00Z,Marshall,Coastal Carolina,False,0.45,,,2026-10-10T16:02:53+00:00
espn-401856712,2026,6,2026-10-10T23:30Z,Alabama,Georgia,False,6.65,,,2026-10-10T16:02:53+00:00
espn-401858258,2026,6,2026-10-10T23:30Z,Virginia,Syracuse,False,9.75,,,2026-10-10T16:02:53+00:00
espn-401858485,2026,6,2026-10-10T23:30Z,Penn State,USC,False,1.8,,,2026-10-10T16:02:53+00:00
espn-401864516,2026,6,2026-10-10T23:30Z,Northern Illinois,Air Force,False,-3.3,,,2026-10-10T16:02:53+00:00
espn-401869949,2026,6,2026-10-10T23:30Z,Georgia Southern,James Madison,False,-12.42,,,2026-10-10T16:02:53+00:00
espn-401869965,2026,6,2026-10-10T23:30Z,Louisiana Tech,Louisiana,False,9.76,,,2026-10-10T16:02:53+00:00
espn-401856827,2026,6,2026-10-11T00:00Z,Utah,Kansas,False,15.65,,,2026-10-10T16:02:53+00:00
espn-401858486,2026,6,2026-10-11T00:00Z,Purdue,Minnesota,False,-1.67,,,2026-10-10T16:02:53+00:00
espn-401856808,2026,6,2026-10-11T02:30Z,Arizona State,Hawai'i,False,18.04,,,2026-10-10T16:02:53+00:00
espn-401860901,2026,6,2026-10-11T02:30Z,Fresno State,Boise State,False,0.54,,,2026-10-10T16:02:53+00:00
espn-401871067,2026,7,2026-10-13T23:00Z,Middle Tennessee,Delaware,False,0.65,,,2026-10-10T16:02:53+00:00
espn-401871053,2026,7,2026-10-14T00:00Z,Jacksonville State,Florida International,False,5.62,,,2026-10-10T16:02:53+00:00
espn-401871054,2026,7,2026-10-14T23:30Z,Missouri State,Kennesaw State,False,-1.52,,,2026-10-10T16:02:53+00:00
espn-401871068,2026,7,2026-10-15T00:00Z,Sam Houston,Western Kentucky,False,4.26,,,2026-10-10T16:02:53+00:00
espn-401862800,2026,7,2026-10-15T23:30Z,UAB,East Carolina,False,-8.55,,,2026-10-10T16:02:53+00:00
espn-401869950,2026,7,2026-10-15T23:30Z,Old Dominion,Georgia Southern,False,0.24,,,2026-10-10T16:02:53+00:00
espn-401860923,2026,7,2026-10-16T00:00Z,Texas State,Colorado State,False,12.81,,,2026-10-10T16:02:53+00:00
espn-401862801,2026,7,2026-10-16T23:30Z,Tulane,Memphis,False,-0.51,,,2026-10-10T16:02:53+00:00
espn-401858493,2026,7,2026-10-17T00:00Z,Purdue,Washington,False,-1.01,,,2026-10-10T16:02:53+00:00
espn-401869844,2026,7,2026-10-17T00:00Z,Coastal Carolina,App State,False,-2.63,,,2026-10-10T16:02:53+00:00
espn-401856833,2026,7,2026-10-17T04:00Z,Colorado,Utah,False,-16.54,,,2026-10-10T16:02:53+00:00
espn-401858269,2026,7,2026-10-17T04:00Z,California,Wake Forest,False,-8.41,,,2026-10-10T16:02:53+00:00
espn-401858490,2026,7,2026-10-17T04:00Z,Michigan,Penn State,False,3.37,,,2026-10-10T16:02:53+00:00
espn-401858492,2026,7,2026-10-17T04:00Z,Oregon,Nebraska,False,15.67,,,2026-10-10T16:02:53+00:00
espn-401858494,2026,7,2026-10-17T04:00Z,UCLA,Wisconsin,False,8.74,,,2026-10-10T16:02:53+00:00
espn-401856720,2026,7,2026-10-17T16:00Z,LSU,Mississippi State,False,12.75,,,2026-10-10T16:02:53+00:00
espn-401856724,2026,7,2026-10-17T16:00Z,Texas,Florida,False,12.15,,,2026-10-10T16:02:53+00:00
espn-401856829,2026,7,2026-10-17T16:00Z,West Virginia,Cincinnati,False,3.28,,,2026-10-10T16:02:53+00:00
espn-401856830,2026,7,2026-10-17T16:00Z,Kansas State,Kansas,False,6.78,,,2026-10-10T16:02:53+00:00
espn-401858267,2026,7,2026-10-17T16:00Z,Boston College,Pittsburgh,False,-14.67,,,2026-10-10T16:02:53+00:00
espn-401858268,2026,7,2026-10-17T16:00Z,SMU,Virginia,False,4.03,,,2026-10-10T16:02:53+00:00
espn-401858488,2026,7,2026-10-17T16:00Z,Indiana,Ohio State,False,-1.66,,,2026-10-10T16:02:53+00:00
espn-401858491,2026,7,2026-10-17T16:00Z,Michigan State,Northwestern,False,-4.77,,,2026-10-10T16:02:53+00:00
espn-401862802,2026,7,2026-10-17T16:00Z,Army,Florida Atlantic,False,6.83,,,2026-10-10T16:02:53+00:00
espn-401866441,2026,7,2026-10-17T16:00Z,Bowling Green,Ball State,False,4.08,,,2026-10-10T16:02:53+00:00
espn-401869957,2026,7,2026-10-17T16:00Z,James Madison,Georgia State,False,16.45,,,2026-10-10T16:02:53+00:00
espn-401858489,2026,7,2026-10-17T16:30Z,Maryland,Rutgers,False,8.6,,,2026-10-10T16:02:53+00:00
espn-401862803,2026,7,2026-10-17T17:00Z,Temple,Charlotte,False,23.91,,,2026-10-10T16:02:53+00:00
espn-401866442,2026,7,2026-10-17T17:00Z,Buffalo,Massachusetts,False,-4.89,,,2026-10-10T16:02:53+00:00
espn-401866443,2026,7,2026-10-17T17:30Z,Central Michigan,Western Michigan,False,-3.56,,,2026-10-10T16:02:53+00:00
espn-401856719,2026,7,2026-10-17T19:30Z,Georgia,Auburn,False,20.26,,,2026-10-10T16:02:53+00:00
espn-401856721,2026,7,2026-10-17T19:30Z,Ole Miss,Missouri,False,2.51,,,2026-10-10T16:02:53+00:00
espn-401856723,2026,7,2026-10-17T19:30Z,Tennessee,Alabama,False,-9.08,,,2026-10-10T16:02:53+00:00
espn-401856828,2026,7,2026-10-17T19:30Z,Texas Tech,Arizona State,False,17.55,,,2026-10-10T16:02:53+00:00
espn-401858264,2026,7,2026-10-17T19:30Z,Virginia Tech,Georgia Tech,False,14.69,,,2026-10-10T16:02:53+00:00
espn-401858266,2026,7,2026-10-17T19:30Z,Duke,North Carolina,False,8.57,,,2026-10-10T16:02:53+00:00
espn-401864522,2026,7,2026-10-17T19:30Z,Wyoming,Northern Illinois,False,9.06,,,2026-10-10T16:02:53+00:00
espn-401864524,2026,7,2026-10-17T19:30Z,Air Force,UNLV,False,-5.49,,,2026-10-10T16:02:53+00:00
espn-401866444,2026,7,2026-10-17T19:30Z,Eastern Michigan,Toledo,False,-11.46,,,2026-10-10T16:02:53+00:00
espn-401866478,2026,7,2026-10-17T19:30Z,Miami (OH),Akron,False,15.7,,,2026-10-10T16:02:53+00:00
espn-401862805,2026,7,2026-10-17T20:30Z,Rice,Tulsa,False,-3.97,,,2026-10-10T16:02:53+00:00
espn-401869966,2026,7,2026-10-17T21:00Z,Louisiana,Troy,False,5.32,,,2026-10-10T16:02:53+00:00
espn-401860903,2026,7,2026-10-17T22:00Z,Oregon State,Washington State,False,11.54,,,2026-10-10T16:02:53+00:00
espn-401856726,2026,7,2026-10-17T23:00Z,Vanderbilt,Arkansas,False,10.46,,,2026-10-10T16:02:53+00:00
espn-401856832,2026,7,2026-10-17T23:00Z,Baylor,TCU,False,6.56,,,2026-10-10T16:02:53+00:00
espn-401858263,2026,7,2026-10-17T23:00Z,Miami,Florida State,False,24.47,,,2026-10-10T16:02:53+00:00
espn-401862806,2026,7,2026-10-17T23:00Z,South Florida,Kent State,False,23.74,,,2026-10-10T16:02:53+00:00
espn-401864520,2026,7,2026-10-17T23:00Z,North Dakota State,Nevada,False,19.03,,,2026-10-10T16:02:53+00:00
espn-401869934,2026,7,2026-10-17T23:00Z,Southern Miss,Arkansas State,False,1.63,,,2026-10-10T16:02:53+00:00
espn-401856722,2026,7,2026-10-17T23:30Z,Oklahoma,Kentucky,False,10.99,,,2026-10-10T16:02:53+00:00
espn-401856809,2026,7,2026-10-17T23:30Z,BYU,Notre Dame,False,-8.78,,,2026-10-10T16:02:53+00:00
espn-401856831,2026,7,2026-10-17T23:30Z,Houston,Oklahoma State,False,10.96,,,2026-10-10T16:02:53+00:00
espn-401858265,2026,7,2026-10-17T23:30Z,Syracuse,Louisville,False,-4.29,,,2026-10-10T16:02:53+00:00
espn-401862804,2026,7,2026-10-18T00:00Z,UTSA,Navy,False,16.31,,,2026-10-10T16:02:53+00:00
espn-401871091,2026,7,2026-10-18T00:00Z,UL Monroe,Louisiana Tech,False,-19.72,,,2026-10-10T16:02:53+00:00
espn-401864523,2026,7,2026-10-18T01:00Z,UTEP,San José State,False,-3.92,,,2026-10-10T16:02:53+00:00
espn-401866445,2026,7,2026-10-18T02:00Z,Sacramento State,Ohio,False,-5.51,,,2026-10-10T16:02:53+00:00
espn-401860904,2026,7,2026-10-18T02:30Z,San Diego State,Fresno State,False,-2.16,,,2026-10-10T16:02:53+00:00
espn-401864521,2026,7,2026-10-18T02:30Z,Hawai'i,New Mexico,False,-18.92,,,2026-10-10T16:02:53+00:00
