season,week,player_id,player_name,pos,team,opponent,kickoff,our_prob,top10,event_id,book,price,book_prob,odds_at,odds_name,edge,value,tds,result,profit
2026,4,00-0032764,D.Henry,RB,BAL,TEN,2026-10-04T17:00:00Z,0.725,True,f01589b0e7e6dd4f4ac1220a1db81f53,draftkings,-225.0,0.641,2026-10-04T14:25:03Z,Derrick Henry,0.084,True,,,
2026,4,00-0034857,J.Allen,QB,BUF,NE,2026-10-04T17:00:00Z,0.589,True,573cc0ef39631a4f6673ec843a8bedd4,draftkings,-130.0,0.5233,2026-10-04T14:25:03Z,Josh Allen,0.0657,True,,,
2026,4,00-0037248,J.Cook,RB,BUF,NE,2026-10-04T17:00:00Z,0.502,True,573cc0ef39631a4f6673ec843a8bedd4,draftkings,-130.0,0.5233,2026-10-04T14:25:03Z,James Cook,-0.0213,False,,,
2026,4,00-0038597,C.Brown,RB,CIN,JAX,2026-10-04T17:00:00Z,0.501,True,2ea94ddf20f66432b9024fe2e2eaba5f,draftkings,-130.0,0.5233,2026-10-04T14:25:03Z,Chase Brown,-0.0223,False,,,
2026,4,00-0036997,J.Williams,RB,DAL,HOU,2026-10-04T17:00:00Z,0.499,False,daf55e2df5341c007fee5a0fc5bbc2d4,draftkings,-135.0,0.5319,2026-10-04T14:25:03Z,Javonte Williams,-0.0329,False,,,
2026,4,00-0037840,K.Williams,RB,LA,PHI,2026-10-04T17:00:00Z,0.481,False,1b4f2e60ce83fa1d63a5dff83769d27c,draftkings,-110.0,0.485,2026-10-04T14:25:03Z,Kyren Williams,-0.004,False,,,
2026,4,00-0036275,D.Swift,RB,CHI,NYJ,2026-10-04T17:00:00Z,0.458,False,164e6eb68f31bac190381903c3cccd31,draftkings,-110.0,0.485,2026-10-04T14:25:03Z,D'Andre Swift,-0.027,False,,,
2026,4,00-0040715,C.Skattebo,RB,NYG,ARI,2026-10-04T17:00:00Z,0.444,False,664e6bda5721dc63be16bcf7d962a436,draftkings,-140.0,0.5401,2026-10-04T14:25:03Z,Cam Skattebo,-0.0961,False,,,
2026,4,00-0036900,J.Chase,WR,CIN,JAX,2026-10-04T17:00:00Z,0.442,False,2ea94ddf20f66432b9024fe2e2eaba5f,draftkings,-120.0,0.5051,2026-10-04T14:25:03Z,Ja'Marr Chase,-0.0631,False,,,
2026,4,00-0037744,T.McBride,TE,ARI,NYG,2026-10-04T17:00:00Z,0.438,False,664e6bda5721dc63be16bcf7d962a436,draftkings,150.0,0.3704,2026-10-04T14:25:03Z,Trey McBride,0.0676,True,,,
2026,4,00-0041027,J.Love,RB,ARI,NYG,2026-10-04T17:00:00Z,0.42,False,664e6bda5721dc63be16bcf7d962a436,draftkings,-140.0,0.5401,2026-10-04T14:25:03Z,Jeremiyah Love,-0.1201,False,,,
2026,4,00-0031381,D.Adams,WR,LA,PHI,2026-10-04T17:00:00Z,0.412,False,1b4f2e60ce83fa1d63a5dff83769d27c,draftkings,120.0,0.4209,2026-10-04T14:25:03Z,Davante Adams,-0.0089,False,,,
2026,4,00-0035685,D.Montgomery,RB,HOU,DAL,2026-10-04T17:00:00Z,0.399,False,daf55e2df5341c007fee5a0fc5bbc2d4,draftkings,-125.0,0.5144,2026-10-04T14:25:03Z,David Montgomery,-0.1154,False,,,
2026,4,00-0039075,P.Nacua,WR,LA,PHI,2026-10-04T17:00:00Z,0.398,False,1b4f2e60ce83fa1d63a5dff83769d27c,draftkings,145.0,0.3779,2026-10-04T14:25:03Z,Puka Nacua,0.0201,False,,,
2026,4,00-0036410,T.Higgins,WR,CIN,JAX,2026-10-04T17:00:00Z,0.378,False,2ea94ddf20f66432b9024fe2e2eaba5f,draftkings,120.0,0.4209,2026-10-04T14:25:03Z,Tee Higgins,-0.0429,False,,,
2026,4,00-0038611,C.Rodriguez,RB,JAX,CIN,2026-10-04T17:00:00Z,0.378,False,2ea94ddf20f66432b9024fe2e2eaba5f,draftkings,285.0,0.2405,2026-10-04T14:25:03Z,Chris Rodriguez Jr.,0.1375,True,,,
2026,4,00-0040583,W.Marks,RB,HOU,DAL,2026-10-04T17:00:00Z,0.378,False,daf55e2df5341c007fee5a0fc5bbc2d4,draftkings,215.0,0.2939,2026-10-04T14:25:03Z,Woody Marks,0.0841,True,,,
2026,4,00-0036554,N.Collins,WR,HOU,DAL,2026-10-04T17:00:00Z,0.347,False,daf55e2df5341c007fee5a0fc5bbc2d4,draftkings,155.0,0.3631,2026-10-04T14:25:03Z,Nico Collins,-0.0161,False,,,
2026,4,00-0038124,C.Watson,WR,GB,TB,2026-10-04T17:00:00Z,0.347,False,99a9bae4dc0dc2590496bd3102b211f2,draftkings,160.0,0.3561,2026-10-04T14:25:03Z,Christian Watson,-0.0091,False,,,
2026,4,00-0034844,S.Barkley,RB,PHI,LA,2026-10-04T17:00:00Z,0.344,False,1b4f2e60ce83fa1d63a5dff83769d27c,draftkings,125.0,0.4115,2026-10-04T14:25:03Z,Saquon Barkley,-0.0675,False,,,
2026,4,00-0038559,Mi.Wilson,WR,ARI,NYG,2026-10-04T17:00:00Z,0.332,False,664e6bda5721dc63be16bcf7d962a436,draftkings,215.0,0.2939,2026-10-04T14:25:03Z,Michael Wilson,0.0381,False,,,
2026,4,00-0038606,P.Washington,WR,JAX,CIN,2026-10-04T17:00:00Z,0.329,False,2ea94ddf20f66432b9024fe2e2eaba5f,draftkings,140.0,0.3858,2026-10-04T14:25:03Z,Parker Washington,-0.0568,False,,,
2026,4,00-0034827,D.Moore,WR,BUF,NE,2026-10-04T17:00:00Z,0.328,False,573cc0ef39631a4f6673ec843a8bedd4,draftkings,150.0,0.3704,2026-10-04T14:25:03Z,DJ Moore,-0.0424,False,,,
2026,4,00-0036358,C.Lamb,WR,DAL,HOU,2026-10-04T17:00:00Z,0.318,False,daf55e2df5341c007fee5a0fc5bbc2d4,draftkings,130.0,0.4026,2026-10-04T14:25:03Z,CeeDee Lamb,-0.0846,False,,,
2026,4,00-0040719,B.Tuten,RB,JAX,CIN,2026-10-04T17:00:00Z,0.315,False,2ea94ddf20f66432b9024fe2e2eaba5f,draftkings,100.0,0.463,2026-10-04T14:25:03Z,Bhayshul Tuten,-0.148,False,,,
2026,4,00-0040277,J.Walker,WR,CHI,NYJ,2026-10-04T17:00:00Z,0.314,False,164e6eb68f31bac190381903c3cccd31,draftkings,1500.0,0.0579,2026-10-04T14:25:03Z,Jahdae Walker,0.2561,True,,,
2026,4,00-0038041,J.Ferguson,TE,DAL,HOU,2026-10-04T17:00:00Z,0.308,False,daf55e2df5341c007fee5a0fc5bbc2d4,draftkings,320.0,0.2205,2026-10-04T14:25:03Z,Jake Ferguson,0.0875,True,,,
2026,4,00-0035537,T.Johnson,RB,BUF,NE,2026-10-04T17:00:00Z,0.302,False,573cc0ef39631a4f6673ec843a8bedd4,draftkings,550.0,0.1425,2026-10-04T14:25:03Z,Ty Johnson,0.1595,True,,,
2026,4,00-0036875,R.Stevenson,RB,NE,BUF,2026-10-04T17:00:00Z,0.3,False,573cc0ef39631a4f6673ec843a8bedd4,draftkings,155.0,0.3631,2026-10-04T14:25:03Z,Rhamondre Stevenson,-0.0631,False,,,
2026,4,00-0037247,G.Pickens,WR,DAL,HOU,2026-10-04T17:00:00Z,0.296,False,daf55e2df5341c007fee5a0fc5bbc2d4,draftkings,165.0,0.3494,2026-10-04T14:25:03Z,George Pickens,-0.0534,False,,,
2026,4,00-0039337,M.Nabers,WR,NYG,ARI,2026-10-04T17:00:00Z,0.295,False,664e6bda5721dc63be16bcf7d962a436,draftkings,195.0,0.3139,2026-10-04T14:25:03Z,Malik Nabers,-0.0189,False,,,
2026,4,00-0037157,Z.Knight,RB,ARI,NYG,2026-10-04T17:00:00Z,0.293,False,664e6bda5721dc63be16bcf7d962a436,fanduel,1600.0,0.0545,2026-10-04T14:25:03Z,Bam Knight,0.2385,True,,,
2026,4,00-0040236,K.Monangai,RB,CHI,NYJ,2026-10-04T17:00:00Z,0.28,False,164e6eb68f31bac190381903c3cccd31,draftkings,190.0,0.3193,2026-10-04T14:25:03Z,Kyle Monangai,-0.0393,False,,,
2026,4,00-0034960,J.Meyers,WR,JAX,CIN,2026-10-04T17:00:00Z,0.278,False,2ea94ddf20f66432b9024fe2e2eaba5f,draftkings,225.0,0.2849,2026-10-04T14:25:03Z,Jakobi Meyers,-0.0069,False,,,
2026,4,00-0035250,D.Singletary,RB,NYG,ARI,2026-10-04T17:00:00Z,0.276,False,664e6bda5721dc63be16bcf7d962a436,draftkings,1000.0,0.0842,2026-10-04T14:25:03Z,Devin Singletary,0.1918,True,,,
2026,4,00-0039361,B.Irving,RB,TB,GB,2026-10-04T17:00:00Z,0.275,False,99a9bae4dc0dc2590496bd3102b211f2,draftkings,160.0,0.3561,2026-10-04T14:25:03Z,Bucky Irving,-0.0811,False,,,
2026,4,00-0040734,T.Henderson,RB,NE,BUF,2026-10-04T17:00:00Z,0.274,False,573cc0ef39631a4f6673ec843a8bedd4,draftkings,215.0,0.2939,2026-10-04T14:25:03Z,TreVeyon Henderson,-0.0199,False,,,
2026,4,00-0037261,K.Shakir,WR,BUF,NE,2026-10-04T17:00:00Z,0.271,False,573cc0ef39631a4f6673ec843a8bedd4,draftkings,245.0,0.2684,2026-10-04T14:25:03Z,Khalil Shakir,0.0026,False,,,
2026,4,00-0036389,J.Hurts,QB,PHI,LA,2026-10-04T17:00:00Z,0.269,False,1b4f2e60ce83fa1d63a5dff83769d27c,draftkings,175.0,0.3367,2026-10-04T14:25:03Z,Jalen Hurts,-0.0677,False,,,
2026,4,00-0036971,T.Lawrence,QB,JAX,CIN,2026-10-04T17:00:00Z,0.266,False,2ea94ddf20f66432b9024fe2e2eaba5f,draftkings,320.0,0.2205,2026-10-04T14:25:03Z,Trevor Lawrence,0.0455,False,,,
2026,4,00-0038951,S.Tucker,RB,TB,GB,2026-10-04T17:00:00Z,0.266,False,99a9bae4dc0dc2590496bd3102b211f2,draftkings,1100.0,0.0772,2026-10-04T14:25:03Z,Sean Tucker,0.1888,True,,,
2026,4,00-0039064,Z.Flowers,WR,BAL,TEN,2026-10-04T17:00:00Z,0.266,False,f01589b0e7e6dd4f4ac1220a1db81f53,draftkings,145.0,0.3779,2026-10-04T14:25:03Z,Zay Flowers,-0.1119,False,,,
2026,4,00-0034829,M.Gesicki,TE,CIN,JAX,2026-10-04T17:00:00Z,0.262,False,2ea94ddf20f66432b9024fe2e2eaba5f,draftkings,280.0,0.2437,2026-10-04T14:25:03Z,Mike Gesicki,0.0183,False,,,
2026,4,00-0037740,G.Wilson,WR,NYJ,CHI,2026-10-04T17:00:00Z,0.261,False,164e6eb68f31bac190381903c3cccd31,draftkings,135.0,0.394,2026-10-04T14:25:03Z,Garrett Wilson,-0.133,False,,,
2026,4,00-0039811,M.Lloyd,RB,GB,TB,2026-10-04T17:00:00Z,0.258,False,99a9bae4dc0dc2590496bd3102b211f2,draftkings,310.0,0.2258,2026-10-04T14:25:03Z,MarShawn Lloyd,0.0322,False,,,
2026,4,00-0039901,K.Coleman,WR,BUF,NE,2026-10-04T17:00:00Z,0.252,False,573cc0ef39631a4f6673ec843a8bedd4,draftkings,400.0,0.1852,2026-10-04T14:25:03Z,Keon Coleman,0.0668,True,,,
2026,4,00-0040126,C.Loveland,TE,CHI,NYJ,2026-10-04T17:00:00Z,0.251,False,164e6eb68f31bac190381903c3cccd31,draftkings,245.0,0.2684,2026-10-04T14:25:03Z,Colston Loveland,-0.0174,False,,,
2026,4,00-0037816,R.Doubs,WR,NE,BUF,2026-10-04T17:00:00Z,0.25,False,573cc0ef39631a4f6673ec843a8bedd4,draftkings,270.0,0.2503,2026-10-04T14:25:03Z,Romeo Doubs,-0.0003,False,,,
2026,4,00-0035500,G.Dortch,WR,BUF,NE,2026-10-04T17:00:00Z,0.249,False,573cc0ef39631a4f6673ec843a8bedd4,draftkings,1800.0,0.0487,2026-10-04T14:25:03Z,Greg Dortch,0.2003,True,,,
2026,4,00-0040735,L.Burden,WR,CHI,NYJ,2026-10-04T17:00:00Z,0.249,False,164e6eb68f31bac190381903c3cccd31,draftkings,205.0,0.3036,2026-10-04T14:25:03Z,Luther Burden III,-0.0546,False,,,
2026,4,00-0037263,T.Allgeier,RB,ARI,NYG,2026-10-04T17:00:00Z,0.246,False,664e6bda5721dc63be16bcf7d962a436,draftkings,320.0,0.2205,2026-10-04T14:25:03Z,Tyler Allgeier,0.0255,False,,,
2026,4,00-0033110,T.Higbee,TE,LA,PHI,2026-10-04T17:00:00Z,0.245,False,1b4f2e60ce83fa1d63a5dff83769d27c,draftkings,300.0,0.2315,2026-10-04T14:25:03Z,Tyler Higbee,0.0135,False,,,
2026,4,00-0036550,R.Bateman,WR,BAL,TEN,2026-10-04T17:00:00Z,0.241,False,f01589b0e7e6dd4f4ac1220a1db81f53,draftkings,275.0,0.2469,2026-10-04T14:25:03Z,Rashod Bateman,-0.0059,False,,,
2026,4,00-0036893,N.Harris,RB,NYG,ARI,2026-10-04T17:00:00Z,0.241,False,664e6bda5721dc63be16bcf7d962a436,draftkings,320.0,0.2205,2026-10-04T14:25:03Z,Najee Harris,0.0205,False,,,
2026,4,00-0034753,M.Andrews,TE,BAL,TEN,2026-10-04T17:00:00Z,0.24,False,f01589b0e7e6dd4f4ac1220a1db81f53,draftkings,185.0,0.3249,2026-10-04T14:25:03Z,Mark Andrews,-0.0849,False,,,
2026,4,00-0035689,D.Knox,TE,BUF,NE,2026-10-04T17:00:00Z,0.239,False,573cc0ef39631a4f6673ec843a8bedd4,draftkings,600.0,0.1323,2026-10-04T14:25:03Z,Dawson Knox,0.1067,True,,,
2026,4,00-0039384,T.Tracy,RB,NYG,ARI,2026-10-04T17:00:00Z,0.238,False,664e6bda5721dc63be16bcf7d962a436,draftkings,1000.0,0.0842,2026-10-04T14:25:03Z,Tyrone Tracy Jr.,0.1538,True,,,
2026,4,00-0036919,K.Gainwell,RB,TB,GB,2026-10-04T17:00:00Z,0.234,False,99a9bae4dc0dc2590496bd3102b211f2,draftkings,550.0,0.1425,2026-10-04T14:25:03Z,Kenny Gainwell,0.0915,True,,,
2026,4,00-0040718,T.Hunter,WR,JAX,CIN,2026-10-04T17:00:00Z,0.231,False,2ea94ddf20f66432b9024fe2e2eaba5f,draftkings,1300.0,0.0661,2026-10-04T14:25:03Z,Travis Hunter,0.1649,True,,,
2026,4,00-0039410,R.Flournoy,WR,DAL,HOU,2026-10-04T17:00:00Z,0.23,False,daf55e2df5341c007fee5a0fc5bbc2d4,draftkings,360.0,0.2013,2026-10-04T14:25:03Z,Ryan Flournoy,0.0287,False,,,
2026,4,00-0039919,R.Odunze,WR,CHI,NYJ,2026-10-04T17:00:00Z,0.23,False,164e6eb68f31bac190381903c3cccd31,draftkings,320.0,0.2205,2026-10-04T14:25:03Z,Rome Odunze,0.0095,False,,,
2026,4,00-0038555,T.Bigsby,RB,PHI,LA,2026-10-04T17:00:00Z,0.229,False,1b4f2e60ce83fa1d63a5dff83769d27c,draftkings,850.0,0.0975,2026-10-04T14:25:03Z,Tank Bigsby,0.1315,True,,,
2026,4,00-0038996,T.Kraft,TE,GB,TB,2026-10-04T17:00:00Z,0.229,False,99a9bae4dc0dc2590496bd3102b211f2,draftkings,255.0,0.2608,2026-10-04T14:25:03Z,Tucker Kraft,-0.0318,False,,,
2026,4,00-0038935,B.Strange,TE,JAX,CIN,2026-10-04T17:00:00Z,0.228,False,2ea94ddf20f66432b9024fe2e2eaba5f,draftkings,240.0,0.2723,2026-10-04T14:25:03Z,Brenton Strange,-0.0443,False,,,
2026,4,00-0039021,R.Johnson,RB,CHI,NYJ,2026-10-04T17:00:00Z,0.228,False,164e6eb68f31bac190381903c3cccd31,draftkings,1700.0,0.0514,2026-10-04T14:25:03Z,Roschon Johnson,0.1766,True,,,
2026,4,00-0036244,C.Parkinson,TE,LA,PHI,2026-10-04T17:00:00Z,0.222,False,1b4f2e60ce83fa1d63a5dff83769d27c,draftkings,300.0,0.2315,2026-10-04T14:25:03Z,Colby Parkinson,-0.0095,False,,,
2026,4,00-0038933,D.Kincaid,TE,BUF,NE,2026-10-04T17:00:00Z,0.221,False,573cc0ef39631a4f6673ec843a8bedd4,draftkings,180.0,0.3307,2026-10-04T14:25:03Z,Dalton Kincaid,-0.1097,False,,,
2026,4,00-0037838,I.Likely,TE,NYG,ARI,2026-10-04T17:00:00Z,0.213,False,664e6bda5721dc63be16bcf7d962a436,draftkings,280.0,0.2437,2026-10-04T14:25:03Z,Isaiah Likely,-0.0307,False,,,
2026,4,00-0033526,S.Perine,RB,CIN,JAX,2026-10-04T17:00:00Z,0.212,False,2ea94ddf20f66432b9024fe2e2eaba5f,draftkings,450.0,0.1684,2026-10-04T14:25:03Z,Samaje Perine,0.0436,False,,,
2026,4,00-0038839,M.Tinsley,WR,CIN,JAX,2026-10-04T17:00:00Z,0.212,False,2ea94ddf20f66432b9024fe2e2eaba5f,draftkings,950.0,0.0882,2026-10-04T14:25:03Z,Mitchell Tinsley,0.1238,True,,,
2026,4,00-0039893,Bri.Thomas,WR,JAX,CIN,2026-10-04T17:00:00Z,0.21,False,2ea94ddf20f66432b9024fe2e2eaba5f,draftkings,310.0,0.2258,2026-10-04T14:25:03Z,Brian Thomas Jr,-0.0158,False,,,
2026,4,00-0038117,W.Robinson,WR,TEN,BAL,2026-10-04T17:00:00Z,0.207,False,f01589b0e7e6dd4f4ac1220a1db81f53,draftkings,500.0,0.1543,2026-10-04T14:25:03Z,Wan'Dale Robinson,0.0527,False,,,
2026,4,00-0039849,M.Harrison,WR,ARI,NYG,2026-10-04T17:00:00Z,0.207,False,664e6bda5721dc63be16bcf7d962a436,draftkings,370.0,0.197,2026-10-04T14:25:03Z,Marvin Harrison Jr.,0.01,False,,,
2026,4,00-0030061,Z.Ertz,TE,PHI,LA,2026-10-04T17:00:00Z,0.203,False,1b4f2e60ce83fa1d63a5dff83769d27c,draftkings,425.0,0.1764,2026-10-04T14:25:03Z,Zach Ertz,0.0266,False,,,
2026,4,00-0034796,L.Jackson,QB,BAL,TEN,2026-10-04T17:00:00Z,0.202,False,f01589b0e7e6dd4f4ac1220a1db81f53,draftkings,240.0,0.2723,2026-10-04T14:25:03Z,Lamar Jackson,-0.0703,False,,,
2026,4,00-0039794,B.Allen,RB,NYJ,CHI,2026-10-04T17:00:00Z,0.202,False,164e6eb68f31bac190381903c3cccd31,draftkings,135.0,0.394,2026-10-04T14:25:03Z,Braelon Allen,-0.192,False,,,
2026,4,00-0033090,H.Henry,TE,NE,BUF,2026-10-04T17:00:00Z,0.201,False,573cc0ef39631a4f6673ec843a8bedd4,draftkings,265.0,0.2537,2026-10-04T14:25:03Z,Hunter Henry,-0.0527,False,,,
2026,4,00-0034383,D.Schultz,TE,HOU,DAL,2026-10-04T17:00:00Z,0.201,False,daf55e2df5341c007fee5a0fc5bbc2d4,draftkings,230.0,0.2806,2026-10-04T14:25:03Z,Dalton Schultz,-0.0796,False,,,
2026,4,00-0035261,T.Pollard,RB,TEN,BAL,2026-10-04T17:00:00Z,0.199,False,f01589b0e7e6dd4f4ac1220a1db81f53,draftkings,200.0,0.3086,2026-10-04T14:25:03Z,Tony Pollard,-0.1096,False,,,
2026,4,00-0038393,D.Wicks,WR,PHI,LA,2026-10-04T17:00:00Z,0.197,False,1b4f2e60ce83fa1d63a5dff83769d27c,draftkings,250.0,0.2646,2026-10-04T14:25:03Z,Dontayvion Wicks,-0.0676,False,,,
2026,4,00-0033854,D.Ogunbowale,RB,HOU,DAL,2026-10-04T17:00:00Z,0.193,False,daf55e2df5341c007fee5a0fc5bbc2d4,draftkings,1600.0,0.0545,2026-10-04T14:25:03Z,Dare Ogunbowale,0.1385,True,,,
2026,4,00-0039738,B.Corum,RB,LA,PHI,2026-10-04T17:00:00Z,0.192,False,1b4f2e60ce83fa1d63a5dff83769d27c,draftkings,280.0,0.2437,2026-10-04T14:25:03Z,Blake Corum,-0.0517,False,,,
2026,4,00-0033119,J.Brissett,QB,ARI,NYG,2026-10-04T17:00:00Z,0.191,False,664e6bda5721dc63be16bcf7d962a436,draftkings,550.0,0.1425,2026-10-04T14:25:03Z,Jacoby Brissett,0.0485,False,,,
2026,4,00-0034981,F.Moreau,TE,HOU,DAL,2026-10-04T17:00:00Z,0.19,False,daf55e2df5341c007fee5a0fc5bbc2d4,draftkings,750.0,0.1089,2026-10-04T14:25:03Z,Foster Moreau,0.0811,True,,,
2026,4,00-0040170,E.Ayomanor,WR,TEN,BAL,2026-10-04T17:00:00Z,0.19,False,f01589b0e7e6dd4f4ac1220a1db81f53,draftkings,750.0,0.1089,2026-10-04T14:25:03Z,Elic Ayomanor,0.0811,True,,,
2026,4,00-0040129,E.Egbuka,WR,TB,GB,2026-10-04T17:00:00Z,0.186,False,99a9bae4dc0dc2590496bd3102b211f2,draftkings,285.0,0.2405,2026-10-04T14:25:03Z,Emeka Egbuka,-0.0545,False,,,
2026,4,00-0038608,K.Boutte,WR,HOU,DAL,2026-10-04T17:00:00Z,0.183,False,daf55e2df5341c007fee5a0fc5bbc2d4,draftkings,360.0,0.2013,2026-10-04T14:25:03Z,Kayshon Boutte,-0.0183,False,,,
2026,4,00-0040563,E.Chism,WR,NE,BUF,2026-10-04T17:00:00Z,0.183,False,573cc0ef39631a4f6673ec843a8bedd4,draftkings,2200.0,0.0403,2026-10-04T14:25:03Z,Efton Chism III,0.1427,True,,,
2026,4,00-0033555,M.Hollins,WR,NE,BUF,2026-10-04T17:00:00Z,0.181,False,573cc0ef39631a4f6673ec843a8bedd4,draftkings,300.0,0.2315,2026-10-04T14:25:03Z,Mack Hollins,-0.0505,False,,,
2026,4,00-0033921,C.Godwin,WR,TB,GB,2026-10-04T17:00:00Z,0.179,False,99a9bae4dc0dc2590496bd3102b211f2,draftkings,500.0,0.1543,2026-10-04T14:25:03Z,Chris Godwin,0.0247,False,,,
2026,4,00-0040676,C.Ward,QB,TEN,BAL,2026-10-04T17:00:00Z,0.179,False,f01589b0e7e6dd4f4ac1220a1db81f53,draftkings,650.0,0.1235,2026-10-04T14:25:03Z,Cam Ward,0.0555,False,,,
2026,4,00-0038618,X.Hutchinson,WR,HOU,DAL,2026-10-04T17:00:00Z,0.172,False,daf55e2df5341c007fee5a0fc5bbc2d4,draftkings,380.0,0.1929,2026-10-04T14:25:03Z,Xavier Hutchinson,-0.0209,False,,,
2026,4,00-0039847,T.Johnson,TE,NYG,ARI,2026-10-04T17:00:00Z,0.172,False,664e6bda5721dc63be16bcf7d962a436,draftkings,700.0,0.1157,2026-10-04T14:25:03Z,Theo Johnson,0.0563,False,,,
2026,4,00-0041048,T.Hurst,WR,TB,GB,2026-10-04T17:00:00Z,0.172,False,99a9bae4dc0dc2590496bd3102b211f2,draftkings,500.0,0.1543,2026-10-04T14:25:03Z,Ted Hurst III,0.0177,False,,,
2026,4,00-0040667,M.Golden,WR,GB,TB,2026-10-04T17:00:00Z,0.171,False,99a9bae4dc0dc2590496bd3102b211f2,draftkings,220.0,0.2894,2026-10-04T14:25:03Z,Matthew Golden,-0.1184,False,,,
2026,4,00-0040705,C.Dike,WR,TEN,BAL,2026-10-04T17:00:00Z,0.17,False,f01589b0e7e6dd4f4ac1220a1db81f53,draftkings,1100.0,0.0772,2026-10-04T14:25:03Z,Chimere Dike,0.0928,True,,,
2026,4,00-0032464,K.Raymond,WR,CHI,NYJ,2026-10-04T17:00:00Z,0.169,False,164e6eb68f31bac190381903c3cccd31,draftkings,320.0,0.2205,2026-10-04T14:25:03Z,Kalif Raymond,-0.0515,False,,,
2026,4,00-0034975,J.Hill,RB,BAL,TEN,2026-10-04T17:00:00Z,0.169,False,f01589b0e7e6dd4f4ac1220a1db81f53,draftkings,550.0,0.1425,2026-10-04T14:25:03Z,Justice Hill,0.0265,False,,,
2026,4,00-0040590,K.Mumpfield,WR,LA,PHI,2026-10-04T17:00:00Z,0.164,False,1b4f2e60ce83fa1d63a5dff83769d27c,draftkings,600.0,0.1323,2026-10-04T14:25:03Z,Konata Mumpfield,0.0317,False,,,
2026,4,00-0039875,R.Davis,RB,BUF,NE,2026-10-04T17:00:00Z,0.163,False,573cc0ef39631a4f6673ec843a8bedd4,draftkings,1500.0,0.0579,2026-10-04T14:25:03Z,Ray Davis,0.1051,True,,,
2026,4,00-0039851,D.Maye,QB,NE,BUF,2026-10-04T17:00:00Z,0.162,False,573cc0ef39631a4f6673ec843a8bedd4,draftkings,450.0,0.1684,2026-10-04T14:25:03Z,Drake Maye,-0.0064,False,,,
2026,4,00-0039792,D.Walker,WR,BAL,TEN,2026-10-04T17:00:00Z,0.161,False,f01589b0e7e6dd4f4ac1220a1db81f53,draftkings,950.0,0.0882,2026-10-04T14:25:03Z,Devontez Walker,0.0728,True,,,
2026,4,00-0033858,J.Smith,TE,GB,TB,2026-10-04T17:00:00Z,0.16,False,99a9bae4dc0dc2590496bd3102b211f2,draftkings,850.0,0.0975,2026-10-04T14:25:03Z,Jonnu Smith,0.0625,True,,,
2026,4,00-0037801,K.Turpin,WR,DAL,HOU,2026-10-04T17:00:00Z,0.157,False,daf55e2df5341c007fee5a0fc5bbc2d4,draftkings,1000.0,0.0842,2026-10-04T14:25:03Z,KaVontae Turpin,0.0728,True,,,
2026,4,00-0032398,C.Moore,WR,BAL,TEN,2026-10-04T17:00:00Z,0.154,False,f01589b0e7e6dd4f4ac1220a1db81f53,draftkings,600.0,0.1323,2026-10-04T14:25:03Z,Chris Moore,0.0217,False,,,
2026,4,00-0034613,T.Hudson,TE,CIN,JAX,2026-10-04T17:00:00Z,0.154,False,2ea94ddf20f66432b9024fe2e2eaba5f,draftkings,1100.0,0.0772,2026-10-04T14:25:03Z,Tanner Hudson,0.0768,True,,,
2026,4,00-0034419,B.Berrios,WR,NYG,ARI,2026-10-04T17:00:00Z,0.151,False,664e6bda5721dc63be16bcf7d962a436,draftkings,1400.0,0.0617,2026-10-04T14:25:03Z,Braxton Berrios,0.0893,True,,,
2026,4,00-0034959,A.Beck,RB,NYJ,CHI,2026-10-04T17:00:00Z,0.151,False,164e6eb68f31bac190381903c3cccd31,draftkings,3000.0,0.0299,2026-10-04T14:25:03Z,Andrew Beck,0.1211,True,,,
2026,4,00-0038728,J.Wayne,WR,HOU,DAL,2026-10-04T17:00:00Z,0.151,False,daf55e2df5341c007fee5a0fc5bbc2d4,draftkings,1000.0,0.0842,2026-10-04T14:25:03Z,Jared Wayne,0.0668,True,,,
2026,4,00-0036646,S.Fehoko,WR,ARI,NYG,2026-10-04T17:00:00Z,0.15,False,664e6bda5721dc63be16bcf7d962a436,draftkings,2800.0,0.0319,2026-10-04T14:25:03Z,Simi Fehoko,0.1181,True,,,
2026,4,00-0036442,J.Burrow,QB,CIN,JAX,2026-10-04T17:00:00Z,0.149,False,2ea94ddf20f66432b9024fe2e2eaba5f,draftkings,950.0,0.0882,2026-10-04T14:25:03Z,Joe Burrow,0.0608,True,,,
2026,4,00-0031503,J.Winston,QB,NYG,ARI,2026-10-04T17:00:00Z,0.147,False,664e6bda5721dc63be16bcf7d962a436,draftkings,850.0,0.0975,2026-10-04T14:25:03Z,Jameis Winston,0.0495,False,,,
2026,4,00-0039359,C.Stover,TE,HOU,DAL,2026-10-04T17:00:00Z,0.147,False,daf55e2df5341c007fee5a0fc5bbc2d4,draftkings,1500.0,0.0579,2026-10-04T14:25:03Z,Cade Stover,0.0891,True,,,
2026,4,00-0036290,C.Kmet,TE,CHI,NYJ,2026-10-04T17:00:00Z,0.146,False,164e6eb68f31bac190381903c3cccd31,draftkings,550.0,0.1425,2026-10-04T14:25:03Z,Cole Kmet,0.0035,False,,,
2026,4,00-0036590,Q.Morris,TE,JAX,CIN,2026-10-04T17:00:00Z,0.146,False,2ea94ddf20f66432b9024fe2e2eaba5f,draftkings,1400.0,0.0617,2026-10-04T14:25:03Z,Quintin Morris,0.0843,True,,,
2026,4,00-0037132,B.Covey,WR,PHI,LA,2026-10-04T17:00:00Z,0.146,False,1b4f2e60ce83fa1d63a5dff83769d27c,draftkings,1900.0,0.0463,2026-10-04T14:25:03Z,Britain Covey,0.0997,True,,,
2026,4,00-0041032,K.Sadiq,TE,NYJ,CHI,2026-10-04T17:00:00Z,0.144,False,164e6eb68f31bac190381903c3cccd31,draftkings,230.0,0.2806,2026-10-04T14:25:03Z,Kenyon Sadiq,-0.1366,False,,,
2026,4,00-0036924,M.Carter,RB,TEN,BAL,2026-10-04T17:00:00Z,0.143,False,f01589b0e7e6dd4f4ac1220a1db81f53,draftkings,5000.0,0.0182,2026-10-04T14:25:03Z,Michael Carter,0.1248,True,,,
2026,4,00-0036309,D.Mooney,WR,NYG,ARI,2026-10-04T17:00:00Z,0.142,False,664e6bda5721dc63be16bcf7d962a436,draftkings,650.0,0.1235,2026-10-04T14:25:03Z,Darnell Mooney,0.0185,False,,,
2026,4,00-0040237,T.Johnson,WR,TB,GB,2026-10-04T17:00:00Z,0.14,False,99a9bae4dc0dc2590496bd3102b211f2,draftkings,700.0,0.1157,2026-10-04T14:25:03Z,Tez Johnson,0.0243,False,,,
2026,4,00-0031484,C.Manhertz,TE,NYG,ARI,2026-10-04T17:00:00Z,0.139,False,664e6bda5721dc63be16bcf7d962a436,draftkings,2500.0,0.0356,2026-10-04T14:25:03Z,Chris Manhertz,0.1034,True,,,
2026,4,00-0040194,J.Hawes,TE,BUF,NE,2026-10-04T17:00:00Z,0.139,False,573cc0ef39631a4f6673ec843a8bedd4,draftkings,950.0,0.0882,2026-10-04T14:25:03Z,Jackson Hawes,0.0508,False,,,
2026,4,00-0032385,S.Shepard,WR,NYJ,CHI,2026-10-04T17:00:00Z,0.138,False,164e6eb68f31bac190381903c3cccd31,draftkings,1500.0,0.0579,2026-10-04T14:25:03Z,Sterling Shepard,0.0801,True,,,
2026,4,00-0032104,A.Abdullah,RB,JAX,CIN,2026-10-04T17:00:00Z,0.137,False,2ea94ddf20f66432b9024fe2e2eaba5f,draftkings,1200.0,0.0712,2026-10-04T14:25:03Z,Ameer Abdullah,0.0658,True,,,
2026,4,00-0033077,D.Prescott,QB,DAL,HOU,2026-10-04T17:00:00Z,0.136,False,daf55e2df5341c007fee5a0fc5bbc2d4,draftkings,650.0,0.1235,2026-10-04T14:25:03Z,Dak Prescott,0.0125,False,,,
2026,4,00-0040024,D.Cooper,WR,PHI,LA,2026-10-04T17:00:00Z,0.136,False,1b4f2e60ce83fa1d63a5dff83769d27c,draftkings,650.0,0.1235,2026-10-04T14:25:03Z,Darius Cooper,0.0125,False,,,
2026,4,00-0036332,J.Deguara,TE,PHI,LA,2026-10-04T17:00:00Z,0.134,False,1b4f2e60ce83fa1d63a5dff83769d27c,draftkings,4000.0,0.0226,2026-10-04T14:25:03Z,Josiah Deguara,0.1114,True,,,
2026,4,00-0037004,H.Long,TE,ARI,NYG,2026-10-04T17:00:00Z,0.134,False,664e6bda5721dc63be16bcf7d962a436,draftkings,1300.0,0.0661,2026-10-04T14:25:03Z,Hunter Long,0.0679,True,,,
2026,4,00-0040138,J.Noel,WR,HOU,DAL,2026-10-04T17:00:00Z,0.134,False,daf55e2df5341c007fee5a0fc5bbc2d4,draftkings,650.0,0.1235,2026-10-04T14:25:03Z,Jaylin Noel,0.0105,False,,,
2026,4,00-0038129,C.Otton,TE,TB,GB,2026-10-04T17:00:00Z,0.133,False,99a9bae4dc0dc2590496bd3102b211f2,draftkings,550.0,0.1425,2026-10-04T14:25:03Z,Cade Otton,-0.0095,False,,,
2026,4,00-0039074,D.Allen,TE,LA,PHI,2026-10-04T17:00:00Z,0.133,False,1b4f2e60ce83fa1d63a5dff83769d27c,draftkings,800.0,0.1029,2026-10-04T14:25:03Z,Davis Allen,0.0301,False,,,
2026,4,00-0037805,J.Ruckert,TE,NYJ,CHI,2026-10-04T17:00:00Z,0.131,False,164e6eb68f31bac190381903c3cccd31,draftkings,950.0,0.0882,2026-10-04T14:25:03Z,Jeremy Ruckert,0.0428,False,,,
2026,4,00-0038621,D.Douglas,WR,NE,BUF,2026-10-04T17:00:00Z,0.131,False,573cc0ef39631a4f6673ec843a8bedd4,draftkings,425.0,0.1764,2026-10-04T14:25:03Z,DeMario Douglas,-0.0454,False,,,
2026,4,00-0040785,D.Meyers,WR,CIN,JAX,2026-10-04T17:00:00Z,0.131,False,2ea94ddf20f66432b9024fe2e2eaba5f,draftkings,450.0,0.1684,2026-10-04T14:25:03Z,Dohnte Meyers,-0.0374,False,,,
2026,4,00-0040584,G.Helm,TE,TEN,BAL,2026-10-04T17:00:00Z,0.13,False,f01589b0e7e6dd4f4ac1220a1db81f53,draftkings,550.0,0.1425,2026-10-04T14:25:03Z,Gunnar Helm,-0.0125,False,,,
2026,4,00-0038640,J.Brooks,WR,ARI,NYG,2026-10-04T17:00:00Z,0.129,False,664e6bda5721dc63be16bcf7d962a436,draftkings,1900.0,0.0463,2026-10-04T14:25:03Z,Jalen Brooks,0.0827,True,,,
2026,4,00-0039796,R.Ali,RB,BAL,TEN,2026-10-04T17:00:00Z,0.128,False,f01589b0e7e6dd4f4ac1220a1db81f53,draftkings,3500.0,0.0257,2026-10-04T14:25:03Z,Rasheen Ali,0.1023,True,,,
2026,4,00-0041438,C.Tate,WR,TEN,BAL,2026-10-04T17:00:00Z,0.128,False,f01589b0e7e6dd4f4ac1220a1db81f53,draftkings,380.0,0.1929,2026-10-04T14:25:03Z,Carnell Tate,-0.0649,False,,,
2026,4,00-0036187,R.Gilliam,RB,NE,BUF,2026-10-04T17:00:00Z,0.125,False,573cc0ef39631a4f6673ec843a8bedd4,draftkings,2200.0,0.0403,2026-10-04T14:25:03Z,Reggie Gilliam,0.0847,True,,,
2026,4,00-0036331,D.Duvernay,WR,ARI,NYG,2026-10-04T17:00:00Z,0.125,False,664e6bda5721dc63be16bcf7d962a436,draftkings,2000.0,0.0441,2026-10-04T14:25:03Z,Devin Duvernay,0.0809,True,,,
2026,4,00-0039032,T.Spears,RB,TEN,BAL,2026-10-04T17:00:00Z,0.125,False,f01589b0e7e6dd4f4ac1220a1db81f53,draftkings,650.0,0.1235,2026-10-04T14:25:03Z,Tyjae Spears,0.0015,False,,,
2026,4,00-0041042,M.Fields,WR,NYG,ARI,2026-10-04T17:00:00Z,0.125,False,664e6bda5721dc63be16bcf7d962a436,draftkings,450.0,0.1684,2026-10-04T14:25:03Z,Malachi Fields,-0.0434,False,,,
2026,4,00-0026498,M.Stafford,QB,LA,PHI,2026-10-04T17:00:00Z,0.123,False,1b4f2e60ce83fa1d63a5dff83769d27c,draftkings,2200.0,0.0403,2026-10-04T14:25:03Z,Matthew Stafford,0.0827,True,,,
2026,4,00-0038705,E.Demercado,RB,DAL,HOU,2026-10-04T17:00:00Z,0.123,False,daf55e2df5341c007fee5a0fc5bbc2d4,draftkings,1100.0,0.0772,2026-10-04T14:25:03Z,Emari Demercado,0.0458,False,,,
2026,4,00-0039163,C.Stroud,QB,HOU,DAL,2026-10-04T17:00:00Z,0.121,False,daf55e2df5341c007fee5a0fc5bbc2d4,draftkings,550.0,0.1425,2026-10-04T14:25:03Z,C.J. Stroud,-0.0215,False,,,
2026,4,00-0035631,D.Sample,TE,CIN,JAX,2026-10-04T17:00:00Z,0.12,False,2ea94ddf20f66432b9024fe2e2eaba5f,draftkings,650.0,0.1235,2026-10-04T14:25:03Z,Drew Sample,-0.0035,False,,,
2026,4,00-0037120,T.Goodson,RB,DAL,HOU,2026-10-04T17:00:00Z,0.119,False,daf55e2df5341c007fee5a0fc5bbc2d4,draftkings,750.0,0.1089,2026-10-04T14:25:03Z,Tyler Goodson,0.0101,False,,,
2026,4,00-0040238,L.Allen,RB,JAX,CIN,2026-10-04T17:00:00Z,0.119,False,2ea94ddf20f66432b9024fe2e2eaba5f,draftkings,750.0,0.1089,2026-10-04T14:25:03Z,LeQuint Allen Jr.,0.0101,False,,,
2026,4,00-0040556,C.Kiner,RB,NE,BUF,2026-10-04T17:00:00Z,0.118,False,573cc0ef39631a4f6673ec843a8bedd4,draftkings,2500.0,0.0356,2026-10-04T14:25:03Z,Corey Kiner,0.0824,True,,,
2026,4,00-0033307,K.Bourne,WR,ARI,NYG,2026-10-04T17:00:00Z,0.117,False,664e6bda5721dc63be16bcf7d962a436,draftkings,600.0,0.1323,2026-10-04T14:25:03Z,Kendrick Bourne,-0.0153,False,,,
2026,4,00-0034798,D.Smythe,TE,BAL,TEN,2026-10-04T17:00:00Z,0.117,False,f01589b0e7e6dd4f4ac1220a1db81f53,draftkings,1300.0,0.0661,2026-10-04T14:25:03Z,Durham Smythe,0.0509,False,,,
2026,4,00-0039798,I.Davis,RB,NYJ,CHI,2026-10-04T17:00:00Z,0.117,False,164e6eb68f31bac190381903c3cccd31,draftkings,380.0,0.1929,2026-10-04T14:25:03Z,Isaiah Davis,-0.0759,False,,,
2026,4,00-0038090,S.Moore,WR,GB,TB,2026-10-04T17:00:00Z,0.112,False,99a9bae4dc0dc2590496bd3102b211f2,draftkings,600.0,0.1323,2026-10-04T14:25:03Z,Skyy Moore,-0.0203,False,,,
2026,4,00-0039814,E.All,TE,CIN,JAX,2026-10-04T17:00:00Z,0.112,False,2ea94ddf20f66432b9024fe2e2eaba5f,draftkings,1000.0,0.0842,2026-10-04T14:25:03Z,Erick All,0.0278,False,,,
2026,4,00-0040208,T.Brooks,RB,CIN,JAX,2026-10-04T17:00:00Z,0.111,False,2ea94ddf20f66432b9024fe2e2eaba5f,draftkings,2000.0,0.0441,2026-10-04T14:25:03Z,Tahj Brooks,0.0669,True,,,
2026,4,00-0035602,A.Bachman,WR,LA,PHI,2026-10-04T17:00:00Z,0.11,False,1b4f2e60ce83fa1d63a5dff83769d27c,fanduel,1700.0,0.0514,2026-10-04T14:25:03Z,Alex Bachman,0.0586,False,,,
2026,4,00-0039050,P.Durham,TE,TB,GB,2026-10-04T17:00:00Z,0.11,False,99a9bae4dc0dc2590496bd3102b211f2,draftkings,4000.0,0.0226,2026-10-04T14:25:03Z,Payne Durham,0.0874,True,,,
2026,4,00-0040867,M.Lemon,WR,PHI,LA,2026-10-04T17:00:00Z,0.11,False,1b4f2e60ce83fa1d63a5dff83769d27c,draftkings,340.0,0.2104,2026-10-04T14:25:03Z,Makai Lemon,-0.1004,False,,,
2026,4,00-0037755,J.Woods,TE,NYJ,CHI,2026-10-04T17:00:00Z,0.109,False,164e6eb68f31bac190381903c3cccd31,draftkings,2000.0,0.0441,2026-10-04T14:25:03Z,Jelani Woods,0.0649,True,,,
2026,4,00-0034837,C.Ridley,WR,TEN,BAL,2026-10-04T17:00:00Z,0.108,False,f01589b0e7e6dd4f4ac1220a1db81f53,draftkings,1300.0,0.0661,2026-10-04T14:25:03Z,Calvin Ridley,0.0419,False,,,
2026,4,00-0038589,J.Whyle,TE,GB,TB,2026-10-04T17:00:00Z,0.108,False,99a9bae4dc0dc2590496bd3102b211f2,draftkings,2500.0,0.0356,2026-10-04T14:25:03Z,Josh Whyle,0.0724,True,,,
2026,4,00-0038738,H.Luepke,RB,DAL,HOU,2026-10-04T17:00:00Z,0.108,False,daf55e2df5341c007fee5a0fc5bbc2d4,draftkings,1300.0,0.0661,2026-10-04T14:25:03Z,Hunter Luepke,0.0419,False,,,
2026,4,00-0033376,P.Ricard,RB,NYG,ARI,2026-10-04T17:00:00Z,0.106,False,664e6bda5721dc63be16bcf7d962a436,draftkings,2500.0,0.0356,2026-10-04T14:25:03Z,Patrick Ricard,0.0704,True,,,
2026,4,00-0030565,G.Smith,QB,NYJ,CHI,2026-10-04T17:00:00Z,0.104,False,164e6eb68f31bac190381903c3cccd31,draftkings,1000.0,0.0842,2026-10-04T14:25:03Z,Geno Smith,0.0198,False,,,
2026,4,00-0038685,C.Brooks,RB,GB,TB,2026-10-04T17:00:00Z,0.104,False,99a9bae4dc0dc2590496bd3102b211f2,draftkings,750.0,0.1089,2026-10-04T14:25:03Z,Chris Brooks,-0.0049,False,,,
2026,4,00-0039041,E.Higgins,TE,ARI,NYG,2026-10-04T17:00:00Z,0.103,False,664e6bda5721dc63be16bcf7d962a436,draftkings,1100.0,0.0772,2026-10-04T14:25:03Z,Elijah Higgins,0.0258,False,,,
2026,4,00-0039530,B.Spann-Ford,TE,DAL,HOU,2026-10-04T17:00:00Z,0.103,False,daf55e2df5341c007fee5a0fc5bbc2d4,draftkings,1300.0,0.0661,2026-10-04T14:25:03Z,Brevyn Spann-Ford,0.0369,False,,,
2026,4,00-0036980,E.Moore,WR,PHI,LA,2026-10-04T17:00:00Z,0.102,False,1b4f2e60ce83fa1d63a5dff83769d27c,draftkings,1700.0,0.0514,2026-10-04T14:25:03Z,Elijah Moore,0.0506,False,,,
2026,4,00-0039589,K.Johnson,WR,TB,GB,2026-10-04T17:00:00Z,0.101,False,99a9bae4dc0dc2590496bd3102b211f2,draftkings,2000.0,0.0441,2026-10-04T14:25:03Z,Kameron Johnson,0.0569,False,,,
2026,4,00-0039451,I.Williams,WR,NYJ,CHI,2026-10-04T17:00:00Z,0.099,False,164e6eb68f31bac190381903c3cccd31,draftkings,425.0,0.1764,2026-10-04T14:25:03Z,Isaiah Williams,-0.0774,False,,,
2026,4,00-0039648,D.Martin-Robinson,TE,TEN,BAL,2026-10-04T17:00:00Z,0.099,False,f01589b0e7e6dd4f4ac1220a1db81f53,draftkings,4000.0,0.0226,2026-10-04T14:25:03Z,David Martin-Robinson,0.0764,True,,,
2026,4,00-0036849,T.Atwell,WR,LA,PHI,2026-10-04T17:00:00Z,0.098,False,1b4f2e60ce83fa1d63a5dff83769d27c,draftkings,1400.0,0.0617,2026-10-04T14:25:03Z,Tutu Atwell,0.0363,False,,,
2026,4,00-0039746,W.Shipley,RB,PHI,LA,2026-10-04T17:00:00Z,0.096,False,1b4f2e60ce83fa1d63a5dff83769d27c,draftkings,1000.0,0.0842,2026-10-04T14:25:03Z,Will Shipley,0.0118,False,,,
2026,4,00-0039751,J.Whittington,WR,LA,PHI,2026-10-04T17:00:00Z,0.096,False,1b4f2e60ce83fa1d63a5dff83769d27c,draftkings,950.0,0.0882,2026-10-04T14:25:03Z,Jordan Whittington,0.0078,False,,,
2026,4,00-0036264,J.Love,QB,GB,TB,2026-10-04T17:00:00Z,0.091,False,99a9bae4dc0dc2590496bd3102b211f2,draftkings,700.0,0.1157,2026-10-04T14:25:03Z,Jordan Love,-0.0247,False,,,
2026,4,00-0040131,K.Williams,WR,NE,BUF,2026-10-04T17:00:00Z,0.09,False,573cc0ef39631a4f6673ec843a8bedd4,draftkings,900.0,0.0926,2026-10-04T14:25:03Z,Kyle Williams,-0.0026,False,,,
2026,4,00-0036876,K.Granson,TE,TEN,BAL,2026-10-04T17:00:00Z,0.087,False,f01589b0e7e6dd4f4ac1220a1db81f53,draftkings,5000.0,0.0182,2026-10-04T14:25:03Z,Kylen Granson,0.0688,True,,,
2026,4,00-0040142,K.Johnson,RB,GB,TB,2026-10-04T17:00:00Z,0.085,False,99a9bae4dc0dc2590496bd3102b211f2,draftkings,255.0,0.2608,2026-10-04T14:25:03Z,Kaleb Johnson,-0.1758,False,,,
2026,4,00-0037091,B.Melton,WR,GB,TB,2026-10-04T17:00:00Z,0.084,False,99a9bae4dc0dc2590496bd3102b211f2,draftkings,1500.0,0.0579,2026-10-04T14:25:03Z,Bo Melton,0.0261,False,,,
2026,4,00-0038115,D.Bellinger,TE,TEN,BAL,2026-10-04T17:00:00Z,0.083,False,f01589b0e7e6dd4f4ac1220a1db81f53,draftkings,1700.0,0.0514,2026-10-04T14:25:03Z,Daniel Bellinger,0.0316,False,,,
2026,4,00-0039062,J.Mingo,WR,DAL,HOU,2026-10-04T17:00:00Z,0.082,False,daf55e2df5341c007fee5a0fc5bbc2d4,draftkings,3500.0,0.0257,2026-10-04T14:25:03Z,Jonathan Mingo,0.0563,False,,,
2026,4,00-0037594,J.Chestnut,RB,TEN,BAL,2026-10-04T17:00:00Z,0.081,False,f01589b0e7e6dd4f4ac1220a1db81f53,draftkings,4500.0,0.0201,2026-10-04T14:25:03Z,Julius Chestnut,0.0609,True,,,
2026,4,00-0033246,J.Mundt,TE,PHI,LA,2026-10-04T17:00:00Z,0.08,False,1b4f2e60ce83fa1d63a5dff83769d27c,draftkings,900.0,0.0926,2026-10-04T14:25:03Z,Johnny Mundt,-0.0126,False,,,
2026,4,00-0038547,L.Schoonmaker,TE,DAL,HOU,2026-10-04T17:00:00Z,0.078,False,daf55e2df5341c007fee5a0fc5bbc2d4,draftkings,1400.0,0.0617,2026-10-04T14:25:03Z,Luke Schoonmaker,0.0163,False,,,
2026,4,00-0033293,A.Jones,RB,MIN,MIA,2026-10-04T20:05:00Z,0.332,False,c327223d76a3b7b0db8c6c104442f44b,draftkings,-150.0,0.5556,2026-10-04T14:25:03Z,Aaron Jones,-0.2236,False,,,
2026,4,00-0036259,J.Jennings,WR,MIN,MIA,2026-10-04T20:05:00Z,0.279,False,c327223d76a3b7b0db8c6c104442f44b,draftkings,425.0,0.1764,2026-10-04T14:25:03Z,Jauan Jennings,0.1026,True,,,
2026,4,00-0038994,J.Addison,WR,MIN,MIA,2026-10-04T20:05:00Z,0.251,False,c327223d76a3b7b0db8c6c104442f44b,draftkings,135.0,0.394,2026-10-04T14:25:03Z,Jordan Addison,-0.143,False,,,
2026,4,00-0035229,T.Hockenson,TE,MIN,MIA,2026-10-04T20:05:00Z,0.2,False,c327223d76a3b7b0db8c6c104442f44b,draftkings,175.0,0.3367,2026-10-04T14:25:03Z,T.J. Hockenson,-0.1367,False,,,
2026,4,00-0040198,O.Gordon,RB,MIA,MIN,2026-10-04T20:05:00Z,0.168,False,c327223d76a3b7b0db8c6c104442f44b,draftkings,350.0,0.2058,2026-10-04T14:25:03Z,Ollie Gordon II,-0.0378,False,,,
2026,4,00-0039880,M.Washington,WR,MIA,MIN,2026-10-04T20:05:00Z,0.148,False,c327223d76a3b7b0db8c6c104442f44b,draftkings,370.0,0.197,2026-10-04T14:25:03Z,Malik Washington,-0.049,False,,,
2026,4,00-0035228,K.Murray,QB,MIN,MIA,2026-10-04T20:05:00Z,0.137,False,c327223d76a3b7b0db8c6c104442f44b,draftkings,360.0,0.2013,2026-10-04T14:25:03Z,Kyler Murray,-0.0643,False,,,
2026,4,00-0039874,J.Wright,RB,MIA,MIN,2026-10-04T20:05:00Z,0.126,False,c327223d76a3b7b0db8c6c104442f44b,draftkings,380.0,0.1929,2026-10-04T14:25:03Z,Jaylen Wright,-0.0669,False,,,
2026,4,00-0037666,J.Tolbert,WR,MIA,MIN,2026-10-04T20:05:00Z,0.118,False,c327223d76a3b7b0db8c6c104442f44b,draftkings,2200.0,0.0403,2026-10-04T14:25:03Z,Jalen Tolbert,0.0777,True,,,
2026,4,00-0036425,D.Dallas,RB,MIN,MIA,2026-10-04T20:05:00Z,0.117,False,c327223d76a3b7b0db8c6c104442f44b,draftkings,800.0,0.1029,2026-10-04T14:25:03Z,DeeJay Dallas,0.0141,False,,,
2026,4,00-0037252,G.Dulcich,TE,MIA,MIN,2026-10-04T20:05:00Z,0.112,False,c327223d76a3b7b0db8c6c104442f44b,draftkings,550.0,0.1425,2026-10-04T14:25:03Z,Greg Dulcich,-0.0305,False,,,
2026,4,00-0038128,M.Willis,QB,MIA,MIN,2026-10-04T20:05:00Z,0.11,False,c327223d76a3b7b0db8c6c104442f44b,draftkings,500.0,0.1543,2026-10-04T14:25:03Z,Malik Willis,-0.0443,False,,,
2026,4,00-0040154,T.Felton,WR,MIN,MIA,2026-10-04T20:05:00Z,0.103,False,c327223d76a3b7b0db8c6c104442f44b,draftkings,550.0,0.1425,2026-10-04T14:25:03Z,Tai Felton,-0.0395,False,,,
2026,4,00-0038824,R.Miller,WR,MIA,MIN,2026-10-04T20:05:00Z,0.099,False,c327223d76a3b7b0db8c6c104442f44b,draftkings,1400.0,0.0617,2026-10-04T14:25:03Z,Ryan Miller,0.0373,False,,,
2026,4,00-0041525,C.Bell,WR,MIA,MIN,2026-10-04T20:05:00Z,0.084,False,c327223d76a3b7b0db8c6c104442f44b,draftkings,600.0,0.1323,2026-10-04T14:25:03Z,Chris Bell,-0.0483,False,,,
2026,4,00-0033280,C.McCaffrey,RB,SF,DEN,2026-10-04T20:25:00Z,0.672,True,a7e7efb75a9792ac63480ae6328dca18,draftkings,-180.0,0.5952,2026-10-04T14:25:03Z,Christian McCaffrey,0.0768,True,,,
2026,4,00-0038134,K.Walker,RB,KC,LV,2026-10-04T20:25:00Z,0.552,True,e0cbd266dcf997089203a1b33ba0333d,draftkings,-155.0,0.5628,2026-10-04T14:25:03Z,Kenneth Walker III,-0.0108,False,,,
2026,4,00-0040122,A.Jeanty,RB,LV,KC,2026-10-04T20:25:00Z,0.492,False,e0cbd266dcf997089203a1b33ba0333d,draftkings,-125.0,0.5144,2026-10-04T14:25:03Z,Ashton Jeanty,-0.0224,False,,,
2026,4,00-0038543,J.Smith-Njigba,WR,SEA,LAC,2026-10-04T20:25:00Z,0.487,False,96d2373cda647873b971f268482bced0,draftkings,-125.0,0.5144,2026-10-04T14:25:03Z,Jaxon Smith-Njigba,-0.0274,False,,,
2026,4,00-0039067,R.Rice,WR,KC,LV,2026-10-04T20:25:00Z,0.409,False,e0cbd266dcf997089203a1b33ba0333d,draftkings,140.0,0.3858,2026-10-04T14:25:03Z,Rashee Rice,0.0232,False,,,
2026,4,00-0039338,B.Bowers,TE,LV,KC,2026-10-04T20:25:00Z,0.39,False,e0cbd266dcf997089203a1b33ba0333d,draftkings,155.0,0.3631,2026-10-04T14:25:03Z,Brock Bowers,0.0269,False,,,
2026,4,00-0033288,G.Kittle,TE,SF,DEN,2026-10-04T20:25:00Z,0.351,False,a7e7efb75a9792ac63480ae6328dca18,draftkings,180.0,0.3307,2026-10-04T14:25:03Z,George Kittle,0.0203,False,,,
2026,4,00-0040666,O.Hampton,RB,LAC,SEA,2026-10-04T20:25:00Z,0.348,False,96d2373cda647873b971f268482bced0,draftkings,130.0,0.4026,2026-10-04T14:25:03Z,Omarion Hampton,-0.0546,False,,,
2026,4,00-0040730,R.Harvey,RB,DEN,SF,2026-10-04T20:25:00Z,0.345,False,a7e7efb75a9792ac63480ae6328dca18,draftkings,240.0,0.2723,2026-10-04T14:25:03Z,RJ Harvey,0.0727,True,,,
2026,4,00-0031408,M.Evans,WR,SF,DEN,2026-10-04T20:25:00Z,0.331,False,a7e7efb75a9792ac63480ae6328dca18,draftkings,175.0,0.3367,2026-10-04T14:25:03Z,Mike Evans,-0.0057,False,,,
2026,4,00-0036158,J.Dobbins,RB,DEN,SF,2026-10-04T20:25:00Z,0.313,False,a7e7efb75a9792ac63480ae6328dca18,draftkings,125.0,0.4115,2026-10-04T14:25:03Z,J.K. Dobbins,-0.0985,False,,,
2026,4,00-0034348,C.Sutton,WR,DEN,SF,2026-10-04T20:25:00Z,0.3,False,a7e7efb75a9792ac63480ae6328dca18,draftkings,220.0,0.2894,2026-10-04T14:25:03Z,Courtland Sutton,0.0106,False,,,
2026,4,00-0039793,A.Barner,TE,SEA,LAC,2026-10-04T20:25:00Z,0.292,False,96d2373cda647873b971f268482bced0,draftkings,260.0,0.2572,2026-10-04T14:25:03Z,AJ Barner,0.0348,False,,,
2026,4,00-0035719,D.Samuel,WR,SF,DEN,2026-10-04T20:25:00Z,0.273,False,a7e7efb75a9792ac63480ae6328dca18,draftkings,175.0,0.3367,2026-10-04T14:25:03Z,Deebo Samuel,-0.0637,False,,,
2026,4,00-0030506,T.Kelce,TE,KC,LV,2026-10-04T20:25:00Z,0.261,False,e0cbd266dcf997089203a1b33ba0333d,draftkings,155.0,0.3631,2026-10-04T14:25:03Z,Travis Kelce,-0.1021,False,,,
2026,4,00-0040648,T.Horton,WR,SEA,LAC,2026-10-04T20:25:00Z,0.259,False,96d2373cda647873b971f268482bced0,draftkings,900.0,0.0926,2026-10-04T14:25:03Z,Tory Horton,0.1664,True,,,
2026,4,00-0038797,E.Wilson,RB,SEA,LAC,2026-10-04T20:25:00Z,0.257,False,96d2373cda647873b971f268482bced0,draftkings,135.0,0.394,2026-10-04T14:25:03Z,Emanuel Wilson,-0.137,False,,,
2026,4,00-0039894,X.Worthy,WR,KC,LV,2026-10-04T20:25:00Z,0.248,False,e0cbd266dcf997089203a1b33ba0333d,draftkings,215.0,0.2939,2026-10-04T14:25:03Z,Xavier Worthy,-0.0459,False,,,
2026,4,00-0033908,C.Kupp,WR,SEA,LAC,2026-10-04T20:25:00Z,0.235,False,96d2373cda647873b971f268482bced0,draftkings,340.0,0.2104,2026-10-04T14:25:03Z,Cooper Kupp,0.0246,False,,,
2026,4,00-0039732,B.Nix,QB,DEN,SF,2026-10-04T20:25:00Z,0.226,False,a7e7efb75a9792ac63480ae6328dca18,draftkings,400.0,0.1852,2026-10-04T14:25:03Z,Bo Nix,0.0408,False,,,
2026,4,00-0035891,C.White,WR,LV,KC,2026-10-04T20:25:00Z,0.222,False,e0cbd266dcf997089203a1b33ba0333d,draftkings,700.0,0.1157,2026-10-04T14:25:03Z,Cody White,0.1063,True,,,
2026,4,00-0040646,J.Royals,WR,KC,LV,2026-10-04T20:25:00Z,0.221,False,e0cbd266dcf997089203a1b33ba0333d,draftkings,900.0,0.0926,2026-10-04T14:25:03Z,Jalen Royals,0.1284,True,,,
2026,4,00-0039299,G.Holani,RB,SEA,LAC,2026-10-04T20:25:00Z,0.205,False,96d2373cda647873b971f268482bced0,draftkings,165.0,0.3494,2026-10-04T14:25:03Z,George Holani,-0.1444,False,,,
2026,4,00-0039868,T.Franklin,WR,DEN,SF,2026-10-04T20:25:00Z,0.204,False,a7e7efb75a9792ac63480ae6328dca18,draftkings,950.0,0.0882,2026-10-04T14:25:03Z,Troy Franklin,0.1158,True,,,
2026,4,00-0041052,K.Black,RB,SF,DEN,2026-10-04T20:25:00Z,0.202,False,a7e7efb75a9792ac63480ae6328dca18,draftkings,350.0,0.2058,2026-10-04T14:25:03Z,Kaelon Black,-0.0038,False,,,
2026,4,00-0037834,B.Purdy,QB,SF,DEN,2026-10-04T20:25:00Z,0.2,False,a7e7efb75a9792ac63480ae6328dca18,draftkings,370.0,0.197,2026-10-04T14:25:03Z,Brock Purdy,0.003,False,,,
2026,4,00-0038783,N.Adkins,TE,DEN,SF,2026-10-04T20:25:00Z,0.2,False,a7e7efb75a9792ac63480ae6328dca18,draftkings,1100.0,0.0772,2026-10-04T14:25:03Z,Nate Adkins,0.1228,True,,,
2026,4,00-0036613,J.Waddle,WR,DEN,SF,2026-10-04T20:25:00Z,0.194,False,a7e7efb75a9792ac63480ae6328dca18,draftkings,185.0,0.3249,2026-10-04T14:25:03Z,Jaylen Waddle,-0.1309,False,,,
2026,4,00-0039391,K.Vidal,RB,LAC,SEA,2026-10-04T20:25:00Z,0.191,False,96d2373cda647873b971f268482bced0,draftkings,1700.0,0.0514,2026-10-04T14:25:03Z,Kimani Vidal,0.1396,True,,,
2026,4,00-0039365,J.Cowing,WR,SF,DEN,2026-10-04T20:25:00Z,0.189,False,a7e7efb75a9792ac63480ae6328dca18,draftkings,850.0,0.0975,2026-10-04T14:25:03Z,Jacob Cowing,0.0915,True,,,
2026,4,00-0040134,P.Bryant,WR,DEN,SF,2026-10-04T20:25:00Z,0.187,False,a7e7efb75a9792ac63480ae6328dca18,draftkings,360.0,0.2013,2026-10-04T14:25:03Z,Pat Bryant,-0.0143,False,,,
2026,4,00-0033576,E.Saubert,TE,SEA,LAC,2026-10-04T20:25:00Z,0.184,False,96d2373cda647873b971f268482bced0,draftkings,1500.0,0.0579,2026-10-04T14:25:03Z,Eric Saubert,0.1261,True,,,
2026,4,00-0040078,B.Smith,RB,KC,LV,2026-10-04T20:25:00Z,0.183,False,e0cbd266dcf997089203a1b33ba0333d,draftkings,650.0,0.1235,2026-10-04T14:25:03Z,Brashard Smith,0.0595,False,,,
2026,4,00-0038563,T.Tucker,WR,LV,KC,2026-10-04T20:25:00Z,0.182,False,e0cbd266dcf997089203a1b33ba0333d,draftkings,310.0,0.2258,2026-10-04T14:25:03Z,Tre Tucker,-0.0438,False,,,
2026,4,00-0038544,Q.Johnston,WR,LAC,SEA,2026-10-04T20:25:00Z,0.181,False,96d2373cda647873b971f268482bced0,draftkings,360.0,0.2013,2026-10-04T14:25:03Z,Quentin Johnston,-0.0203,False,,,
2026,4,00-0033873,P.Mahomes,QB,KC,LV,2026-10-04T20:25:00Z,0.179,False,e0cbd266dcf997089203a1b33ba0333d,draftkings,425.0,0.1764,2026-10-04T14:25:03Z,Patrick Mahomes,0.0026,False,,,
2026,4,00-0039915,L.McConkey,WR,LAC,SEA,2026-10-04T20:25:00Z,0.175,False,96d2373cda647873b971f268482bced0,draftkings,320.0,0.2205,2026-10-04T14:25:03Z,Ladd McConkey,-0.0455,False,,,
2026,4,00-0029892,K.Juszczyk,RB,SF,DEN,2026-10-04T20:25:00Z,0.174,False,a7e7efb75a9792ac63480ae6328dca18,draftkings,800.0,0.1029,2026-10-04T14:25:03Z,Kyle Juszczyk,0.0711,True,,,
2026,4,00-0037304,C.Heyward,RB,LV,KC,2026-10-04T20:25:00Z,0.164,False,e0cbd266dcf997089203a1b33ba0333d,draftkings,2200.0,0.0403,2026-10-04T14:25:03Z,Connor Heyward,0.1237,True,,,
2026,4,00-0040878,M.Washington,RB,LV,KC,2026-10-04T20:25:00Z,0.164,False,e0cbd266dcf997089203a1b33ba0333d,draftkings,425.0,0.1764,2026-10-04T14:25:03Z,Mike Washington Jr.,-0.0124,False,,,
2026,4,00-0039066,M.Mayer,TE,LV,KC,2026-10-04T20:25:00Z,0.163,False,e0cbd266dcf997089203a1b33ba0333d,draftkings,320.0,0.2205,2026-10-04T14:25:03Z,Michael Mayer,-0.0575,False,,,
2026,4,00-0037291,J.Nailor,WR,LV,KC,2026-10-04T20:25:00Z,0.161,False,e0cbd266dcf997089203a1b33ba0333d,draftkings,425.0,0.1764,2026-10-04T14:25:03Z,Jalen Nailor,-0.0154,False,,,
2026,4,00-0040189,O.Gadsden,TE,LAC,SEA,2026-10-04T20:25:00Z,0.158,False,96d2373cda647873b971f268482bced0,draftkings,400.0,0.1852,2026-10-04T14:25:03Z,Oronde Gadsden II,-0.0272,False,,,
2026,4,00-0036355,J.Herbert,QB,LAC,SEA,2026-10-04T20:25:00Z,0.154,False,96d2373cda647873b971f268482bced0,draftkings,650.0,0.1235,2026-10-04T14:25:03Z,Justin Herbert,0.0305,False,,,
2026,4,00-0041013,E.Johnson,RB,KC,LV,2026-10-04T20:25:00Z,0.153,False,e0cbd266dcf997089203a1b33ba0333d,draftkings,500.0,0.1543,2026-10-04T14:25:03Z,Emmett Johnson,-0.0013,False,,,
2026,4,00-0038976,M.Mims,WR,DEN,SF,2026-10-04T20:25:00Z,0.149,False,a7e7efb75a9792ac63480ae6328dca18,draftkings,900.0,0.0926,2026-10-04T14:25:03Z,Marvin Mims Jr.,0.0564,False,,,
2026,4,00-0031236,B.Cooks,WR,SF,DEN,2026-10-04T20:25:00Z,0.144,False,a7e7efb75a9792ac63480ae6328dca18,draftkings,700.0,0.1157,2026-10-04T14:25:03Z,Brandin Cooks,0.0283,False,,,
2026,4,00-0038454,K.Mitchell,RB,LAC,SEA,2026-10-04T20:25:00Z,0.142,False,96d2373cda647873b971f268482bced0,draftkings,500.0,0.1543,2026-10-04T14:25:03Z,Keaton Mitchell,-0.0123,False,,,
2026,4,00-0033881,E.Engram,TE,DEN,SF,2026-10-04T20:25:00Z,0.135,False,a7e7efb75a9792ac63480ae6328dca18,draftkings,450.0,0.1684,2026-10-04T14:25:03Z,Evan Engram,-0.0334,False,,,
2026,4,00-0034272,M.Valdes-Scantling,WR,LAC,SEA,2026-10-04T20:25:00Z,0.134,False,96d2373cda647873b971f268482bced0,draftkings,2200.0,0.0403,2026-10-04T14:25:03Z,Marquez Valdes-Scantling,0.0937,True,,,
2026,4,00-0038104,T.Thornton,WR,KC,LV,2026-10-04T20:25:00Z,0.133,False,e0cbd266dcf997089203a1b33ba0333d,draftkings,450.0,0.1684,2026-10-04T14:25:03Z,Tyquan Thornton,-0.0354,False,,,
2026,4,00-0038488,B.Russell,RB,SEA,LAC,2026-10-04T20:25:00Z,0.133,False,96d2373cda647873b971f268482bced0,draftkings,3500.0,0.0257,2026-10-04T14:25:03Z,Brady Russell,0.1073,True,,,
2026,4,00-0037545,R.Shaheed,WR,SEA,LAC,2026-10-04T20:25:00Z,0.131,False,96d2373cda647873b971f268482bced0,draftkings,310.0,0.2258,2026-10-04T14:25:03Z,Rashid Shaheed,-0.0948,False,,,
2026,4,00-0036637,N.Gray,TE,KC,LV,2026-10-04T20:25:00Z,0.125,False,e0cbd266dcf997089203a1b33ba0333d,draftkings,650.0,0.1235,2026-10-04T14:25:03Z,Noah Gray,0.0015,False,,,
2026,4,00-0040739,E.Arroyo,TE,SEA,LAC,2026-10-04T20:25:00Z,0.125,False,96d2373cda647873b971f268482bced0,draftkings,950.0,0.0882,2026-10-04T14:25:03Z,Elijah Arroyo,0.0368,False,,,
2026,4,00-0036887,L.Farrell,TE,SF,DEN,2026-10-04T20:25:00Z,0.124,False,a7e7efb75a9792ac63480ae6328dca18,draftkings,1500.0,0.0579,2026-10-04T14:25:03Z,Luke Farrell,0.0661,True,,,
2026,4,00-0040727,T.Harris,WR,LAC,SEA,2026-10-04T20:25:00Z,0.121,False,96d2373cda647873b971f268482bced0,draftkings,550.0,0.1425,2026-10-04T14:25:03Z,Tre Harris,-0.0215,False,,,
2026,4,00-0037085,T.Badie,RB,DEN,SF,2026-10-04T20:25:00Z,0.12,False,a7e7efb75a9792ac63480ae6328dca18,draftkings,1200.0,0.0712,2026-10-04T14:25:03Z,Tyler Badie,0.0488,False,,,
2026,4,00-0038519,N.Remigio,WR,KC,LV,2026-10-04T20:25:00Z,0.119,False,e0cbd266dcf997089203a1b33ba0333d,draftkings,2200.0,0.0403,2026-10-04T14:25:03Z,Nikko Remigio,0.0787,True,,,
2026,4,00-0040172,J.Watkins,WR,SF,DEN,2026-10-04T20:25:00Z,0.119,False,a7e7efb75a9792ac63480ae6328dca18,draftkings,800.0,0.1029,2026-10-04T14:25:03Z,Jordan Watkins,0.0161,False,,,
2026,4,00-0037745,V.Jones,RB,SEA,LAC,2026-10-04T20:25:00Z,0.117,False,96d2373cda647873b971f268482bced0,draftkings,1900.0,0.0463,2026-10-04T14:25:03Z,Velus Jones Jr.,0.0707,True,,,
2026,4,00-0036727,A.Prentice,RB,DEN,SF,2026-10-04T20:25:00Z,0.11,False,a7e7efb75a9792ac63480ae6328dca18,draftkings,2800.0,0.0319,2026-10-04T14:25:03Z,Adam Prentice,0.0781,True,,,
2026,4,00-0040894,M.Benson,WR,LV,KC,2026-10-04T20:25:00Z,0.101,False,e0cbd266dcf997089203a1b33ba0333d,draftkings,1300.0,0.0661,2026-10-04T14:25:03Z,Malik Benson,0.0349,False,,,
2026,4,00-0039407,D.Laube,RB,LV,KC,2026-10-04T20:25:00Z,0.098,False,e0cbd266dcf997089203a1b33ba0333d,draftkings,2200.0,0.0403,2026-10-04T14:25:03Z,Dylan Laube,0.0577,False,,,
2026,4,00-0037093,D.Young,WR,LV,KC,2026-10-04T20:25:00Z,0.094,False,e0cbd266dcf997089203a1b33ba0333d,draftkings,1800.0,0.0487,2026-10-04T14:25:03Z,Dareke Young,0.0453,False,,,
2026,4,00-0029604,K.Cousins,QB,LV,KC,2026-10-04T20:25:00Z,0.087,False,e0cbd266dcf997089203a1b33ba0333d,draftkings,1500.0,0.0579,2026-10-04T14:25:03Z,Kirk Cousins,0.0291,False,,,
2026,4,00-0036422,A.Trautman,TE,DEN,SF,2026-10-04T20:25:00Z,0.087,False,a7e7efb75a9792ac63480ae6328dca18,draftkings,900.0,0.0926,2026-10-04T14:25:03Z,Adam Trautman,-0.0056,False,,,
2026,4,00-0034869,S.Darnold,QB,SEA,LAC,2026-10-04T20:25:00Z,0.085,False,96d2373cda647873b971f268482bced0,draftkings,1000.0,0.0842,2026-10-04T14:25:03Z,Sam Darnold,0.0008,False,,,
2026,4,00-0034365,I.Thomas,TE,LV,KC,2026-10-04T20:25:00Z,0.081,False,e0cbd266dcf997089203a1b33ba0333d,draftkings,2200.0,0.0403,2026-10-04T14:25:03Z,Ian Thomas,0.0407,False,,,
2026,4,00-0035125,A.Ingold,RB,LAC,SEA,2026-10-04T20:25:00Z,0.08,False,96d2373cda647873b971f268482bced0,draftkings,3000.0,0.0299,2026-10-04T14:25:03Z,Alec Ingold,0.0501,False,,,
2026,4,00-0038573,D.Davis,WR,LAC,SEA,2026-10-04T20:25:00Z,0.076,False,96d2373cda647873b971f268482bced0,draftkings,1500.0,0.0579,2026-10-04T14:25:03Z,Derius Davis,0.0181,False,,,
2026,4,00-0039139,J.Gibbs,RB,DET,CAR,2026-10-05T00:20:00Z,0.68,True,a73a76599a4f3422803e57bd8f61b626,draftkings,-370.0,0.7289,2026-10-04T14:25:03Z,Jahmyr Gibbs,-0.0489,False,,,
2026,4,00-0036963,A.St. Brown,WR,DET,CAR,2026-10-05T00:20:00Z,0.551,True,a73a76599a4f3422803e57bd8f61b626,draftkings,-130.0,0.5233,2026-10-04T14:25:03Z,Amon-Ra St. Brown,0.0277,False,,,
2026,4,00-0036555,C.Hubbard,RB,CAR,DET,2026-10-05T00:20:00Z,0.388,False,a73a76599a4f3422803e57bd8f61b626,draftkings,-135.0,0.5319,2026-10-04T14:25:03Z,Chuba Hubbard,-0.1439,False,,,
2026,4,00-0039065,S.LaPorta,TE,DET,CAR,2026-10-05T00:20:00Z,0.327,False,a73a76599a4f3422803e57bd8f61b626,draftkings,175.0,0.3367,2026-10-04T14:25:03Z,Sam LaPorta,-0.0097,False,,,
2026,4,00-0040124,T.McMillan,WR,CAR,DET,2026-10-05T00:20:00Z,0.291,False,a73a76599a4f3422803e57bd8f61b626,draftkings,115.0,0.4307,2026-10-04T14:25:03Z,Tetairoa McMillan,-0.1397,False,,,
2026,4,00-0031610,D.Waller,TE,CAR,DET,2026-10-05T00:20:00Z,0.264,False,a73a76599a4f3422803e57bd8f61b626,draftkings,200.0,0.3086,2026-10-04T14:25:03Z,Darren Waller,-0.0446,False,,,
2026,4,00-0040669,I.TeSlaa,WR,DET,CAR,2026-10-05T00:20:00Z,0.253,False,a73a76599a4f3422803e57bd8f61b626,draftkings,450.0,0.1684,2026-10-04T14:25:03Z,Isaac TeSlaa,0.0846,True,,,
2026,4,00-0037240,J.Williams,WR,DET,CAR,2026-10-05T00:20:00Z,0.249,False,a73a76599a4f3422803e57bd8f61b626,draftkings,195.0,0.3139,2026-10-04T14:25:03Z,Jameson Williams,-0.0649,False,,,
2026,4,00-0037614,J.Metchie,WR,CAR,DET,2026-10-05T00:20:00Z,0.209,False,a73a76599a4f3422803e57bd8f61b626,draftkings,550.0,0.1425,2026-10-04T14:25:03Z,John Metchie III,0.0665,True,,,
2026,4,00-0033589,D.Moore,WR,CAR,DET,2026-10-05T00:20:00Z,0.207,False,a73a76599a4f3422803e57bd8f61b626,draftkings,950.0,0.0882,2026-10-04T14:25:03Z,David Moore,0.1188,True,,,
2026,4,00-0039356,J.Sanders,TE,CAR,DET,2026-10-05T00:20:00Z,0.177,False,a73a76599a4f3422803e57bd8f61b626,draftkings,4000.0,0.0226,2026-10-04T14:25:03Z,Ja'Tavion Sanders,0.1544,True,,,
2026,4,00-0034270,T.Conklin,TE,DET,CAR,2026-10-05T00:20:00Z,0.173,False,a73a76599a4f3422803e57bd8f61b626,draftkings,1700.0,0.0514,2026-10-04T14:25:03Z,Tyler Conklin,0.1216,True,,,
2026,4,00-0039150,B.Young,QB,CAR,DET,2026-10-05T00:20:00Z,0.167,False,a73a76599a4f3422803e57bd8f61b626,draftkings,475.0,0.161,2026-10-04T14:25:03Z,Bryce Young,0.006,False,,,
2026,4,00-0040187,M.Evans,TE,CAR,DET,2026-10-05T00:20:00Z,0.154,False,a73a76599a4f3422803e57bd8f61b626,draftkings,650.0,0.1235,2026-10-04T14:25:03Z,Mitchell Evans,0.0305,False,,,
2026,4,00-0036754,B.Wright,TE,DET,CAR,2026-10-05T00:20:00Z,0.15,False,a73a76599a4f3422803e57bd8f61b626,draftkings,750.0,0.1089,2026-10-04T14:25:03Z,Brock Wright,0.0411,False,,,
2026,4,00-0037524,T.Martin,WR,DET,CAR,2026-10-05T00:20:00Z,0.145,False,a73a76599a4f3422803e57bd8f61b626,draftkings,3500.0,0.0257,2026-10-04T14:25:03Z,Tay Martin,0.1193,True,,,
2026,4,00-0037005,T.Tremble,TE,CAR,DET,2026-10-05T00:20:00Z,0.135,False,a73a76599a4f3422803e57bd8f61b626,draftkings,425.0,0.1764,2026-10-04T14:25:03Z,Tommy Tremble,-0.0414,False,,,
2026,4,00-0038840,B.Tremayne,WR,CAR,DET,2026-10-05T00:20:00Z,0.128,False,a73a76599a4f3422803e57bd8f61b626,draftkings,330.0,0.2153,2026-10-04T14:25:03Z,Brycen Tremayne,-0.0873,False,,,
2026,4,00-0036265,A.Dillon,RB,CAR,DET,2026-10-05T00:20:00Z,0.116,False,a73a76599a4f3422803e57bd8f61b626,draftkings,650.0,0.1235,2026-10-04T14:25:03Z,AJ Dillon,-0.0075,False,,,
2026,4,00-0039364,S.Vaki,RB,DET,CAR,2026-10-05T00:20:00Z,0.111,False,a73a76599a4f3422803e57bd8f61b626,draftkings,800.0,0.1029,2026-10-04T14:25:03Z,Sione Vaki,0.0081,False,,,
2026,4,00-0033106,J.Goff,QB,DET,CAR,2026-10-05T00:20:00Z,0.105,False,a73a76599a4f3422803e57bd8f61b626,draftkings,1200.0,0.0712,2026-10-04T14:25:03Z,Jared Goff,0.0338,False,,,
2026,4,00-0036825,F.Franks,TE,CAR,DET,2026-10-05T00:20:00Z,0.083,False,a73a76599a4f3422803e57bd8f61b626,draftkings,4000.0,0.0226,2026-10-04T14:25:03Z,Feleipe Franks,0.0604,True,,,
2026,4,00-0038542,Bi.Robinson,RB,ATL,NO,2026-10-06T00:15:00Z,0.567,True,,,,,,,,False,,,
