season,week,home_team,away_team,gameday,game_type,model_spread,model_total,model_home_win_prob,sharp_spread,sharp_total,sharp_home_win_prob,vegas_home_favored_by,vegas_total,vegas_home_win_prob,actual_margin,actual_total,model_correct_pick,model_spread_error,model_total_error,model_brier,model_ats_push,model_ats_correct,sharp_correct_pick,sharp_spread_error,sharp_total_error,sharp_brier,sharp_ats_push,sharp_ats_correct,vegas_correct_pick,vegas_spread_error,vegas_total_error,vegas_brier,vegas_ats_push,vegas_ats_correct,ml_commence_time,ml_home_price,ml_away_price,ml_pick_side,ml_pick_team,ml_pick_price,ml_our_prob,ml_book_prob,ml_edge,ml_value,ml_won,ml_push,ml_units,home_score,away_score
2026,4,Alabama,South Carolina,2026-09-26,REG,9.1,50.1,0.705,19.9,60.0,0.705,20.5,62.5,,31.0,67.0,1.0,21.9,16.9,0.08702500000000002,0.0,1.0,1.0,11.100000000000001,7.0,0.08702500000000002,0.0,1.0,1.0,10.5,4.5,,0.0,1.0,2026-09-26T23:00:00Z,-520.0,390.0,home,Alabama,-520.0,0.705,0.8043,-0.0993,False,1.0,0.0,0.19230769230769232,49.0,18.0
2026,4,Auburn,Vanderbilt,2026-09-26,REG,-1.6,54.7,0.463,6.1,53.7,0.651,6.5,53.5,0.6840564074901748,6.0,36.0,0.0,7.6,18.700000000000003,0.28836899999999993,0.0,0.0,1.0,0.09999999999999964,17.700000000000003,0.12180099999999998,0.0,0.0,1.0,0.5,17.5,0.09982035364801446,0.0,0.0,2026-09-26T20:15:00Z,-395.0,310.0,away,Vanderbilt,310.0,0.537,0.2341,0.3029,True,0.0,0.0,-1.0,21.0,15.0
2026,4,Baylor,Colorado,2026-09-26,REG,9.1,48.7,0.705,4.7,45.3,0.647,4.5,44.5,0.6371182785725878,10.0,36.0,1.0,0.9000000000000004,12.700000000000003,0.08702500000000002,0.0,1.0,1.0,5.3,9.299999999999997,0.12460899999999998,0.0,1.0,1.0,5.5,8.5,0.13168314374612194,0.0,1.0,2026-09-26T16:00:00Z,-380.0,300.0,home,Baylor,-380.0,0.705,0.76,-0.055,False,1.0,0.0,0.2631578947368421,23.0,13.0
2026,4,Boston College,Virginia Tech,2026-09-26,REG,-4.9,53.8,0.387,-10.2,36.0,0.237,-10.5,31.5,0.2111019310750445,-7.0,35.0,1.0,2.0999999999999996,18.799999999999997,0.149769,0.0,1.0,1.0,3.1999999999999993,1.0,0.056169,0.0,0.0,1.0,3.5,3.5,0.044564025303612836,0.0,0.0,2026-09-26T16:00:00Z,490.0,-675.0,away,Virginia Tech,-675.0,0.613,0.8371,-0.2241,False,1.0,0.0,0.14814814814814814,14.0,21.0
2026,4,California,Clemson,2026-09-25,REG,-0.2,48.5,0.495,-1.4,48.5,0.469,-1.5,48.5,0.4648945047085469,-14.0,34.0,1.0,13.8,14.5,0.245025,0.0,1.0,1.0,12.6,14.5,0.21996099999999996,0.0,1.0,1.0,12.5,14.5,0.2161269005082051,0.0,1.0,2026-09-26T02:30:00Z,100.0,-120.0,home,California,100.0,0.495,0.4783,0.0167,False,0.0,0.0,-1.0,10.0,24.0
2026,4,Cincinnati,Kansas State,2026-09-26,REG,-3.9,56.1,0.409,3.1,54.8,0.62,3.5,54.5,0.6566682428404021,5.0,57.0,0.0,8.9,0.8999999999999986,0.34928099999999995,0.0,0.0,1.0,1.9,2.200000000000003,0.1444,0.0,1.0,1.0,1.5,2.5,0.11787669547429706,0.0,1.0,2026-09-26T23:00:00Z,185.0,-225.0,away,Kansas State,-225.0,0.591,0.6636,-0.0726,False,0.0,0.0,-1.0,31.0,26.0
2026,4,Florida,Ole Miss,2026-09-26,REG,0.4,56.4,0.509,9.0,53.3,0.727,9.5,52.5,0.7653609763785043,24.0,80.0,1.0,23.6,23.6,0.241081,0.0,1.0,1.0,15.0,26.700000000000003,0.07452900000000001,0.0,1.0,1.0,14.5,27.5,0.055055471406048814,0.0,1.0,2026-09-26T19:30:00Z,-170.0,142.0,home,Florida,-170.0,0.509,0.6038,-0.0948,False,1.0,0.0,0.5882352941176471,52.0,28.0
2026,4,Georgia,Oklahoma,2026-09-26,REG,10.8,46.8,0.739,20.0,47.4,0.909,20.5,47.5,0.939550949913644,28.0,54.0,1.0,17.2,7.200000000000003,0.068121,0.0,1.0,1.0,8.0,6.600000000000001,0.008280999999999995,0.0,1.0,1.0,7.5,6.5,0.0036540876563427808,0.0,1.0,2026-09-26T19:30:00Z,-550.0,410.0,home,Georgia,-550.0,0.739,0.8119,-0.0729,False,1.0,0.0,0.18181818181818182,41.0,13.0
2026,4,Indiana,Northwestern,2026-09-25,REG,21.1,53.2,0.894,5.3,42.2,0.8,4.5,39.5,0.7836898445155207,6.0,52.0,1.0,15.100000000000001,1.2000000000000028,0.011235999999999996,0.0,0.0,1.0,0.7000000000000002,9.799999999999997,0.03999999999999998,0.0,1.0,1.0,1.5,12.5,0.04679008336571961,0.0,1.0,2026-09-26T00:00:00Z,-1800.0,1000.0,away,Northwestern,1000.0,0.106,0.0876,0.0184,False,0.0,0.0,-1.0,29.0,23.0
2026,4,Iowa State,Utah,2026-09-26,REG,-0.7,52.2,0.484,-19.5,48.4,0.108,-20.5,47.5,0.0422059651097355,-14.0,48.0,1.0,13.3,4.200000000000003,0.234256,0.0,1.0,1.0,5.5,0.3999999999999986,0.011663999999999999,0.0,0.0,1.0,6.5,0.5,0.00178134349084421,0.0,0.0,2026-09-26T19:30:00Z,260.0,-325.0,away,Utah,-325.0,0.516,0.7335,-0.2175,False,1.0,0.0,0.3076923076923077,17.0,31.0
2026,4,LSU,Texas A&M,2026-09-26,REG,3.2,46.1,0.575,24.4,47.2,0.575,25.5,47.5,,29.0,41.0,1.0,25.8,5.100000000000001,0.18062500000000004,0.0,1.0,1.0,4.600000000000001,6.200000000000003,0.18062500000000004,0.0,1.0,1.0,3.5,6.5,,0.0,1.0,2026-09-26T23:30:00Z,-345.0,275.0,home,LSU,-345.0,0.575,0.7441,-0.1691,False,1.0,0.0,0.2898550724637681,35.0,6.0
2026,4,Louisville,Wake Forest,2026-09-26,REG,7.8,54.4,0.677,10.4,53.7,0.759,10.5,53.5,0.7740361868402591,-3.0,57.0,0.0,10.8,2.6000000000000014,0.45832900000000004,0.0,0.0,0.0,13.4,3.299999999999997,0.5760810000000001,0.0,0.0,0.0,13.5,3.5,0.5991320185382085,0.0,0.0,2026-09-26T16:05:00Z,-500.0,380.0,home,Louisville,-500.0,0.677,0.8,-0.123,False,0.0,0.0,-1.0,27.0,30.0
2026,4,Maryland,UCLA,2026-09-26,REG,4.6,55.5,0.606,-41.1,55.5,0.606,-43.5,55.5,,-51.0,57.0,0.0,55.6,1.5,0.367236,0.0,0.0,1.0,9.899999999999999,1.5,0.367236,0.0,1.0,1.0,7.5,1.5,,0.0,1.0,2026-09-26T17:30:00Z,120.0,-142.0,home,Maryland,120.0,0.606,0.4365,0.1695,True,0.0,0.0,-1.0,3.0,54.0
2026,4,Michigan,Iowa,2026-09-26,REG,-3.1,46.1,0.427,7.0,44.8,0.695,7.5,44.5,0.742571665430429,-1.0,39.0,1.0,2.1,7.100000000000001,0.182329,0.0,0.0,0.0,8.0,5.799999999999997,0.4830249999999999,0.0,0.0,0.0,8.5,5.5,0.551412678300121,0.0,0.0,2026-09-26T19:30:00Z,-218.0,180.0,away,Iowa,180.0,0.573,0.3425,0.2305,True,1.0,0.0,1.8,19.0,20.0
2026,4,Michigan State,Nebraska,2026-09-26,REG,-5.5,54.9,0.373,-6.0,49.8,0.342,-6.0,48.5,0.3363518758085381,-18.0,44.0,1.0,12.5,10.899999999999999,0.139129,0.0,1.0,1.0,12.0,5.799999999999997,0.11696400000000001,0.0,1.0,1.0,12.0,4.5,0.11313258435992224,0.0,1.0,2026-09-26T21:00:00Z,185.0,-225.0,away,Nebraska,-225.0,0.627,0.6636,-0.0366,False,1.0,0.0,0.4444444444444444,13.0,31.0
2026,4,Mississippi State,Missouri,2026-09-26,REG,-1.4,52.6,0.467,4.2,52.5,0.635,4.5,52.5,0.664299673006598,7.0,55.0,0.0,8.4,2.3999999999999986,0.2840889999999999,0.0,0.0,1.0,2.8,2.5,0.13322499999999998,0.0,1.0,1.0,2.5,2.5,0.11269470954347705,0.0,1.0,2026-09-26T23:45:00Z,-218.0,180.0,away,Missouri,180.0,0.533,0.3425,0.1905,True,0.0,0.0,-1.0,31.0,24.0
2026,4,Ohio State,Illinois,2026-09-26,REG,15.3,52.7,0.817,33.5,54.9,0.817,34.5,55.5,,23.0,61.0,1.0,7.699999999999999,8.299999999999997,0.03348900000000002,0.0,1.0,1.0,10.5,6.100000000000001,0.03348900000000002,0.0,0.0,1.0,11.5,5.5,,0.0,0.0,2026-09-26T16:00:00Z,-4000.0,1600.0,home,Ohio State,-4000.0,0.817,0.9431,-0.1261,False,1.0,0.0,0.025,42.0,19.0
2026,4,Penn State,Wisconsin,2026-09-26,REG,15.1,50.7,0.813,10.3,44.9,0.768,10.0,43.5,0.7600000000000001,-4.0,44.0,0.0,19.1,6.700000000000003,0.6609689999999999,0.0,0.0,0.0,14.3,0.8999999999999986,0.589824,0.0,0.0,0.0,14.0,0.5,0.5776000000000002,0.0,0.0,2026-09-26T21:00:00Z,-380.0,300.0,home,Penn State,-380.0,0.813,0.76,0.053,False,0.0,0.0,-1.0,20.0,24.0
2026,4,Purdue,Notre Dame,2026-09-26,REG,-25.1,56.8,0.069,-42.6,53.4,0.069,-43.5,52.5,,-39.0,59.0,1.0,13.899999999999999,2.200000000000003,0.0047610000000000005,0.0,1.0,1.0,3.6000000000000014,5.600000000000001,0.0047610000000000005,0.0,0.0,1.0,4.5,6.5,,0.0,0.0,2026-09-26T18:00:00Z,1700.0,-4500.0,away,Notre Dame,-4500.0,0.931,0.9463,-0.0153,False,1.0,0.0,0.022222222222222223,10.0,49.0
2026,4,Stanford,Georgia Tech,2026-09-26,REG,-7.8,54.8,0.324,-3.2,49.8,0.403,-3.0,48.5,0.4170073589533933,7.0,61.0,0.0,14.8,6.200000000000003,0.45697599999999994,0.0,0.0,0.0,10.2,11.200000000000003,0.356409,0.0,0.0,0.0,10.0,12.5,0.33988041951449754,0.0,0.0,2026-09-27T02:30:00Z,130.0,-155.0,away,Georgia Tech,-155.0,0.676,0.583,0.093,True,0.0,0.0,-1.0,34.0,27.0
2026,4,Tennessee,Texas,2026-09-26,REG,7.0,55.3,0.659,-5.8,56.3,0.381,-6.5,56.5,0.3317535545023697,-3.0,37.0,0.0,10.0,18.299999999999997,0.43428100000000003,0.0,0.0,1.0,2.8,19.299999999999997,0.145161,0.0,0.0,1.0,3.5,19.5,0.11006042092495678,0.0,0.0,2026-09-26T16:00:00Z,170.0,-205.0,home,Tennessee,170.0,0.659,0.3553,0.3037,True,0.0,0.0,-1.0,17.0,20.0
2026,4,UCF,TCU,2026-09-26,REG,-6.0,48.6,0.361,-5.5,49.3,0.338,-5.5,49.5,0.3335711393478973,8.0,34.0,0.0,14.0,14.600000000000001,0.408321,0.0,0.0,0.0,13.5,15.299999999999997,0.4382439999999999,0.0,0.0,0.0,13.5,15.5,0.44412742631005975,0.0,0.0,2026-09-26T19:30:00Z,136.0,-162.0,away,TCU,-162.0,0.639,0.5934,0.0456,False,0.0,0.0,-1.0,21.0,13.0
2026,4,USC,Oregon,2026-09-26,REG,-6.8,54.6,0.345,-2.7,57.7,0.375,-2.5,58.5,0.3809401654588598,-14.0,68.0,1.0,7.2,13.399999999999999,0.11902499999999998,0.0,1.0,1.0,11.3,10.299999999999997,0.140625,0.0,1.0,1.0,11.5,9.5,0.14511540965982347,0.0,1.0,2026-09-26T23:30:00Z,150.0,-180.0,away,Oregon,-180.0,0.655,0.6164,0.0386,False,1.0,0.0,0.5555555555555556,27.0,41.0
2026,4,Washington,Minnesota,2026-09-26,REG,13.0,48.8,0.779,11.6,46.2,0.786,11.5,45.5,0.7867435158501441,-3.0,51.0,0.0,16.0,2.200000000000003,0.6068410000000001,0.0,0.0,0.0,14.6,4.799999999999997,0.617796,0.0,0.0,0.0,14.5,5.5,0.618965359732246,0.0,0.0,2026-09-27T03:00:00Z,-455.0,350.0,home,Washington,-455.0,0.779,0.7867,-0.0077,False,0.0,0.0,-1.0,24.0,27.0
2026,4,West Virginia,Oklahoma State,2026-09-26,REG,5.0,49.4,0.615,-5.9,62.3,0.249,-6.5,65.5,0.1842940513975632,-17.0,65.0,0.0,22.0,15.600000000000001,0.378225,0.0,0.0,1.0,11.1,2.700000000000003,0.062001,0.0,1.0,1.0,10.5,0.5,0.03396429738052766,0.0,1.0,2026-09-26T23:00:00Z,-125.0,105.0,home,West Virginia,-125.0,0.615,0.5325,0.0825,True,0.0,0.0,-1.0,24.0,41.0
2026,5,Arizona,Cincinnati,2026-10-03,REG,6.1,56.4,0.641,8.4,54.9,0.699,8.5,54.5,0.7095435684647302,,,,,,,,,,,,,,,,,,,,,2026-10-04T03:00:00Z,-285.0,230.0,home,Arizona,-285.0,0.641,0.7095,-0.0685,False,,,,,
2026,5,Arizona State,Baylor,2026-10-03,REG,-2.3,45.8,0.446,4.2,51.2,0.596,4.5,52.5,0.6229421136484334,,,,,,,,,,,,,,,,,,,,,2026-10-04T02:30:00Z,-184.0,155.0,away,Baylor,155.0,0.554,0.3771,0.1769,True,,,,,
2026,5,Clemson,Miami,2026-10-03,REG,-9.5,49.2,0.287,-18.1,51.0,0.134,-18.5,51.5,0.1066176470588235,,,,,,,,,,,,,,,,,,,,,2026-10-03T16:00:00Z,800.0,-1350.0,away,Miami,-1350.0,0.713,0.8934,-0.1804,False,,,,,
2026,5,Colorado,Texas Tech,2026-10-03,REG,-16.4,46.9,0.166,-16.4,46.9,0.166,,,,,,,,,,,,,,,,,,,,,,,,,,,,,,,,,,,,,,
2026,5,Florida State,Virginia,2026-10-03,REG,-8.7,54.6,0.304,-1.9,52.1,0.456,-1.5,51.5,0.4826358742837298,,,,,,,,,,,,,,,,,,,,,2026-10-03T19:30:00Z,-102.0,-118.0,away,Virginia,-118.0,0.696,0.5174,0.1786,True,,,,,
2026,5,Georgia,Vanderbilt,2026-10-03,REG,7.6,54.9,0.672,23.7,55.4,0.9,24.5,55.5,0.9396411092985318,,,,,,,,,,,,,,,,,,,,,2026-10-03T16:00:00Z,-3600.0,1500.0,home,Georgia,-3600.0,0.672,0.9396,-0.2676,False,,,,,
2026,5,Houston,UCF,2026-10-03,REG,7.6,52.3,0.674,11.3,50.9,0.774,11.5,50.5,0.7919655667144907,,,,,,,,,,,,,,,,,,,,,2026-10-03T16:00:00Z,-480.0,360.0,home,Houston,-480.0,0.674,0.792,-0.118,False,,,,,
2026,5,Illinois,Purdue,2026-10-03,REG,13.6,60.5,0.789,9.7,59.7,0.757,9.5,59.5,0.7513701376821281,,,,,,,,,,,,,,,,,,,,,2026-10-03T20:15:00Z,-365.0,285.0,home,Illinois,-365.0,0.789,0.7514,0.0376,False,,,,,
2026,5,Iowa,Ohio State,2026-10-03,REG,-4.9,50.0,0.386,-13.5,45.6,0.201,-14.0,44.5,0.1683501683501683,,,,,,,,,,,,,,,,,,,,,2026-10-03T19:30:00Z,470.0,-650.0,away,Ohio State,-650.0,0.614,0.8316,-0.2176,False,,,,,
2026,5,Iowa State,West Virginia,2026-10-03,REG,7.2,49.7,0.664,-1.1,51.9,0.518,-1.5,52.5,0.4923674110258199,,,,,,,,,,,,,,,,,,,,,2026-10-03T16:00:00Z,-106.0,-113.0,home,Iowa State,-106.0,0.664,0.4924,0.1716,True,,,,,
2026,5,Minnesota,Michigan,2026-10-03,REG,-4.7,48.6,0.391,-4.7,48.6,0.391,,,,,,,,,,,,,,,,,,,,,,,,,,,,,,,,,,,,,,
2026,5,Mississippi State,Alabama,2026-10-03,REG,-6.5,53.9,0.351,-4.6,58.4,0.379,-4.5,59.5,0.3835616438356164,,,,,,,,,,,,,,,,,,,,,2026-10-03T16:00:00Z,150.0,-180.0,away,Alabama,-180.0,0.649,0.6164,0.0326,False,,,,,
2026,5,Missouri,Florida,2026-10-03,REG,1.3,53.3,0.53,-5.2,55.9,0.371,-5.5,56.5,0.3425247738043946,,,,,,,,,,,,,,,,,,,,,2026-10-03T19:30:00Z,180.0,-218.0,home,Missouri,180.0,0.53,0.3425,0.1875,True,,,,,
2026,5,NC State,Louisville,2026-10-03,REG,-3.0,56.1,0.431,-6.3,58.8,0.346,-6.5,59.5,0.3309929789368104,,,,,,,,,,,,,,,,,,,,,2026-10-03T16:00:00Z,190.0,-230.0,away,Louisville,-230.0,0.569,0.669,-0.1,False,,,,,
2026,5,Nebraska,Maryland,2026-10-03,REG,9.9,53.5,0.721,12.4,53.5,0.783,12.5,53.5,0.7943175875893324,,,,,,,,,,,,,,,,,,,,,2026-10-03T20:00:00Z,-490.0,365.0,home,Nebraska,-490.0,0.721,0.7943,-0.0733,False,,,,,
2026,5,North Carolina,Notre Dame,2026-10-03,REG,-16.3,51.4,0.169,-21.2,50.7,0.094,-21.5,50.5,0.0802919708029197,,,,,,,,,,,,,,,,,,,,,2026-10-03T16:00:00Z,1100.0,-2100.0,away,Notre Dame,-2100.0,0.831,0.9197,-0.0887,False,,,,,
2026,5,Northwestern,Penn State,2026-10-02,REG,-5.6,53.5,0.369,-4.6,49.5,0.376,-4.5,48.5,0.3775334481388264,,,,,,,,,,,,,,,,,,,,,2026-10-03T00:00:00Z,154.0,-185.0,away,Penn State,-185.0,0.631,0.6225,0.0085,False,,,,,
2026,5,Rutgers,Indiana,2026-10-03,REG,-20.0,56.7,0.119,-23.3,54.9,0.076,-23.5,54.5,0.0688836104513064,,,,,,,,,,,,,,,,,,,,,2026-10-04T00:00:00Z,1300.0,-2800.0,away,Indiana,-2800.0,0.881,0.9311,-0.0501,False,,,,,
2026,5,SMU,Boston College,2026-10-03,REG,14.7,51.7,0.808,20.2,56.3,0.891,20.5,57.5,0.9062191510365252,,,,,,,,,,,,,,,,,,,,,2026-10-03T16:00:00Z,-1800.0,920.0,home,SMU,-1800.0,0.808,0.9062,-0.0982,False,,,,,
2026,5,South Carolina,Kentucky,2026-10-03,REG,-3.7,53.0,0.413,3.1,51.8,0.598,3.5,51.5,0.6309403437815976,,,,,,,,,,,,,,,,,,,,,2026-10-03T20:15:00Z,-192.0,160.0,away,Kentucky,160.0,0.587,0.3691,0.2179,True,,,,,
2026,5,TCU,BYU,2026-10-03,REG,-2.0,50.3,0.452,-6.3,52.1,0.354,-6.5,52.5,0.3363518758085381,,,,,,,,,,,,,,,,,,,,,2026-10-03T23:00:00Z,185.0,-225.0,away,BYU,-225.0,0.548,0.6636,-0.1156,False,,,,,
2026,5,Tennessee,Auburn,2026-10-03,REG,5.2,50.8,0.621,7.4,55.4,0.696,7.5,56.5,0.7095435684647302,,,,,,,,,,,,,,,,,,,,,2026-10-03T19:30:00Z,-285.0,230.0,home,Tennessee,-285.0,0.621,0.7095,-0.0885,False,,,,,
2026,5,Texas A&M,Arkansas,2026-10-03,REG,6.6,52.4,0.652,15.1,51.7,0.823,15.5,51.5,0.8528000000000001,,,,,,,,,,,,,,,,,,,,,2026-10-03T23:00:00Z,-820.0,550.0,home,Texas A&M,-820.0,0.652,0.8528,-0.2008,False,,,,,
2026,5,UConn,Syracuse,2026-10-03,REG,14.5,51.8,0.804,14.5,51.8,0.804,,,,,,,,,,,,,,,,,,,,,,,,,,,,,,,,,,,,,,
2026,5,USC,Washington,2026-10-03,REG,-4.7,54.9,0.39,-4.7,54.9,0.39,,,,,,,,,,,,,,,,,,,,,,,,,,,,,,,,,,,,,,
2026,5,Virginia Tech,Pittsburgh,2026-10-02,REG,-5.8,51.1,0.366,5.4,53.0,0.614,6.0,53.5,0.6574752261956054,,,,,,,,,,,,,,,,,,,,,2026-10-02T23:00:00Z,-218.0,180.0,away,Pittsburgh,180.0,0.634,0.3425,0.2915,True,,,,,
2026,5,Wake Forest,Stanford,2026-10-03,REG,12.5,55.2,0.769,11.5,52.2,0.789,11.5,51.5,0.7919655667144907,,,,,,,,,,,,,,,,,,,,,2026-10-03T16:00:00Z,-480.0,360.0,home,Wake Forest,-480.0,0.769,0.792,-0.023,False,,,,,
2026,5,Wisconsin,Michigan State,2026-10-03,REG,6.0,48.0,0.637,9.8,45.2,0.734,10.0,44.5,0.7508125677139762,,,,,,,,,,,,,,,,,,,,,2026-10-03T16:30:00Z,-360.0,285.0,home,Wisconsin,-360.0,0.637,0.7508,-0.1138,False,,,,,
2026,6,Alabama,Georgia,2026-10-10,REG,2.1,52.8,0.549,2.1,52.8,0.549,,,,,,,,,,,,,,,,,,,,,,,,,,,,,,,,,,,,,,
2026,6,Arkansas,Tennessee,2026-10-10,REG,-10.3,54.1,0.272,-10.3,54.1,0.272,,,,,,,,,,,,,,,,,,,,,,,,,,,,,,,,,,,,,,
2026,6,BYU,Iowa State,2026-10-09,REG,6.3,50.4,0.644,6.3,50.4,0.644,,,,,,,,,,,,,,,,,,,,,,,,,,,,,,,,,,,,,,
2026,6,California,Virginia Tech,2026-10-10,REG,-2.5,51.3,0.442,-2.5,51.3,0.442,,,,,,,,,,,,,,,,,,,,,,,,,,,,,,,,,,,,,,
2026,6,Florida,South Carolina,2026-10-10,REG,9.9,55.2,0.72,9.9,55.2,0.72,,,,,,,,,,,,,,,,,,,,,,,,,,,,,,,,,,,,,,
2026,6,Georgia Tech,Duke,2026-10-10,REG,-6.5,57.3,0.351,-6.5,57.3,0.351,,,,,,,,,,,,,,,,,,,,,,,,,,,,,,,,,,,,,,
2026,6,Kansas State,Houston,2026-10-10,REG,3.3,56.3,0.577,3.3,56.3,0.577,,,,,,,,,,,,,,,,,,,,,,,,,,,,,,,,,,,,,,
2026,6,Kentucky,LSU,2026-10-10,REG,-3.6,47.9,0.415,-3.6,47.9,0.415,,,,,,,,,,,,,,,,,,,,,,,,,,,,,,,,,,,,,,
2026,6,Louisville,Florida State,2026-10-09,REG,7.7,57.7,0.675,7.7,57.7,0.675,,,,,,,,,,,,,,,,,,,,,,,,,,,,,,,,,,,,,,
2026,6,Michigan State,Illinois,2026-10-10,REG,-3.8,55.3,0.41,-3.8,55.3,0.41,,,,,,,,,,,,,,,,,,,,,,,,,,,,,,,,,,,,,,
2026,6,Missouri,Texas A&M,2026-10-10,REG,6.4,49.7,0.648,6.4,49.7,0.648,,,,,,,,,,,,,,,,,,,,,,,,,,,,,,,,,,,,,,
2026,6,NC State,Wake Forest,2026-10-10,REG,0.1,56.4,0.502,0.1,56.4,0.502,,,,,,,,,,,,,,,,,,,,,,,,,,,,,,,,,,,,,,
2026,6,Nebraska,Indiana,2026-10-10,REG,-11.1,56.3,0.257,-11.1,56.3,0.257,,,,,,,,,,,,,,,,,,,,,,,,,,,,,,,,,,,,,,
2026,6,Notre Dame,Stanford,2026-10-10,REG,27.3,53.6,0.946,27.3,53.6,0.946,,,,,,,,,,,,,,,,,,,,,,,,,,,,,,,,,,,,,,
2026,6,Ohio State,Maryland,2026-10-10,REG,20.8,51.8,0.89,20.8,51.8,0.89,,,,,,,,,,,,,,,,,,,,,,,,,,,,,,,,,,,,,,
2026,6,Oklahoma,Texas,2026-10-10,REG,3.7,44.0,0.586,3.7,44.0,0.586,,,,,,,,,,,,,,,,,,,,,,,,,,,,,,,,,,,,,,
2026,6,Oklahoma State,UCF,2026-10-10,REG,-2.1,47.2,0.45,-2.1,47.2,0.45,,,,,,,,,,,,,,,,,,,,,,,,,,,,,,,,,,,,,,
2026,6,Oregon,UCLA,2026-10-10,REG,10.6,52.6,0.734,10.6,52.6,0.734,,,,,,,,,,,,,,,,,,,,,,,,,,,,,,,,,,,,,,
2026,6,Penn State,USC,2026-10-10,REG,7.6,56.9,0.673,7.6,56.9,0.673,,,,,,,,,,,,,,,,,,,,,,,,,,,,,,,,,,,,,,
2026,6,Pittsburgh,North Carolina,2026-10-10,REG,11.5,49.2,0.751,11.5,49.2,0.751,,,,,,,,,,,,,,,,,,,,,,,,,,,,,,,,,,,,,,
2026,6,Purdue,Minnesota,2026-10-10,REG,-9.3,56.0,0.291,-9.3,56.0,0.291,,,,,,,,,,,,,,,,,,,,,,,,,,,,,,,,,,,,,,
2026,6,Utah,Kansas,2026-10-10,REG,12.7,54.3,0.774,12.7,54.3,0.774,,,,,,,,,,,,,,,,,,,,,,,,,,,,,,,,,,,,,,
2026,6,Vanderbilt,Ole Miss,2026-10-10,REG,2.3,57.4,0.555,2.3,57.4,0.555,,,,,,,,,,,,,,,,,,,,,,,,,,,,,,,,,,,,,,
2026,6,Virginia,Syracuse,2026-10-10,REG,20.5,47.3,0.887,20.5,47.3,0.887,,,,,,,,,,,,,,,,,,,,,,,,,,,,,,,,,,,,,,
2026,6,Washington,Iowa,2026-10-09,REG,2.5,46.6,0.56,2.5,46.6,0.56,,,,,,,,,,,,,,,,,,,,,,,,,,,,,,,,,,,,,,
2026,6,West Virginia,Arizona,2026-10-10,REG,-6.6,50.5,0.349,-6.6,50.5,0.349,,,,,,,,,,,,,,,,,,,,,,,,,,,,,,,,,,,,,,
2026,7,BYU,Notre Dame,2026-10-17,REG,-6.6,52.2,0.348,-6.6,52.2,0.348,,,,,,,,,,,,,,,,,,,,,,,,,,,,,,,,,,,,,,
2026,7,Baylor,TCU,2026-10-17,REG,-1.8,48.1,0.457,-1.8,48.1,0.457,,,,,,,,,,,,,,,,,,,,,,,,,,,,,,,,,,,,,,
2026,7,Boston College,Pittsburgh,2026-10-17,REG,-11.8,48.7,0.244,-11.8,48.7,0.244,,,,,,,,,,,,,,,,,,,,,,,,,,,,,,,,,,,,,,
2026,7,California,Wake Forest,2026-10-17,REG,-3.8,51.7,0.411,-3.8,51.7,0.411,,,,,,,,,,,,,,,,,,,,,,,,,,,,,,,,,,,,,,
2026,7,Colorado,Utah,2026-10-17,REG,-13.3,50.8,0.216,-13.3,50.8,0.216,,,,,,,,,,,,,,,,,,,,,,,,,,,,,,,,,,,,,,
2026,7,Duke,North Carolina,2026-10-17,REG,10.3,53.6,0.728,10.3,53.6,0.728,,,,,,,,,,,,,,,,,,,,,,,,,,,,,,,,,,,,,,
2026,7,Georgia,Auburn,2026-10-17,REG,8.3,51.4,0.688,8.3,51.4,0.688,,,,,,,,,,,,,,,,,,,,,,,,,,,,,,,,,,,,,,
2026,7,Houston,Oklahoma State,2026-10-17,REG,11.6,53.1,0.753,11.6,53.1,0.753,,,,,,,,,,,,,,,,,,,,,,,,,,,,,,,,,,,,,,
2026,7,Indiana,Ohio State,2026-10-17,REG,3.9,54.6,0.591,3.9,54.6,0.591,,,,,,,,,,,,,,,,,,,,,,,,,,,,,,,,,,,,,,
2026,7,Kansas State,Kansas,2026-10-17,REG,8.8,54.0,0.697,8.8,54.0,0.697,,,,,,,,,,,,,,,,,,,,,,,,,,,,,,,,,,,,,,
2026,7,LSU,Mississippi State,2026-10-17,REG,7.8,49.8,0.678,7.8,49.8,0.678,,,,,,,,,,,,,,,,,,,,,,,,,,,,,,,,,,,,,,
2026,7,Maryland,Rutgers,2026-10-17,REG,2.7,53.9,0.564,2.7,53.9,0.564,,,,,,,,,,,,,,,,,,,,,,,,,,,,,,,,,,,,,,
2026,7,Miami,Florida State,2026-10-17,REG,16.9,57.8,0.841,16.9,57.8,0.841,,,,,,,,,,,,,,,,,,,,,,,,,,,,,,,,,,,,,,
2026,7,Michigan,Penn State,2026-10-17,REG,0.0,49.3,0.5,0.0,49.3,0.5,,,,,,,,,,,,,,,,,,,,,,,,,,,,,,,,,,,,,,
2026,7,Michigan State,Northwestern,2026-10-17,REG,-4.2,53.4,0.401,-4.2,53.4,0.401,,,,,,,,,,,,,,,,,,,,,,,,,,,,,,,,,,,,,,
2026,7,Oklahoma,Kentucky,2026-10-17,REG,4.0,46.1,0.594,4.0,46.1,0.594,,,,,,,,,,,,,,,,,,,,,,,,,,,,,,,,,,,,,,
2026,7,Ole Miss,Missouri,2026-10-17,REG,1.6,54.4,0.537,1.6,54.4,0.537,,,,,,,,,,,,,,,,,,,,,,,,,,,,,,,,,,,,,,
2026,7,Oregon,Nebraska,2026-10-17,REG,10.0,55.5,0.723,10.0,55.5,0.723,,,,,,,,,,,,,,,,,,,,,,,,,,,,,,,,,,,,,,
2026,7,Purdue,Washington,2026-10-16,REG,-18.6,54.7,0.136,-18.6,54.7,0.136,,,,,,,,,,,,,,,,,,,,,,,,,,,,,,,,,,,,,,
2026,7,SMU,Virginia,2026-10-17,REG,-0.3,51.0,0.492,-0.3,51.0,0.492,,,,,,,,,,,,,,,,,,,,,,,,,,,,,,,,,,,,,,
2026,7,Syracuse,Louisville,2026-10-17,REG,-12.0,50.4,0.239,-12.0,50.4,0.239,,,,,,,,,,,,,,,,,,,,,,,,,,,,,,,,,,,,,,
2026,7,Tennessee,Alabama,2026-10-17,REG,-1.4,52.2,0.466,-1.4,52.2,0.466,,,,,,,,,,,,,,,,,,,,,,,,,,,,,,,,,,,,,,
2026,7,Texas,Florida,2026-10-17,REG,-0.2,52.9,0.496,-0.2,52.9,0.496,,,,,,,,,,,,,,,,,,,,,,,,,,,,,,,,,,,,,,
2026,7,Texas Tech,Arizona State,2026-10-17,REG,19.0,45.6,0.869,19.0,45.6,0.869,,,,,,,,,,,,,,,,,,,,,,,,,,,,,,,,,,,,,,
2026,7,UCLA,Wisconsin,2026-10-17,REG,6.9,48.2,0.657,6.9,48.2,0.657,,,,,,,,,,,,,,,,,,,,,,,,,,,,,,,,,,,,,,
2026,7,Vanderbilt,Arkansas,2026-10-17,REG,11.4,55.2,0.749,11.4,55.2,0.749,,,,,,,,,,,,,,,,,,,,,,,,,,,,,,,,,,,,,,
2026,7,Virginia Tech,Georgia Tech,2026-10-17,REG,3.8,56.2,0.588,3.8,56.2,0.588,,,,,,,,,,,,,,,,,,,,,,,,,,,,,,,,,,,,,,
2026,7,West Virginia,Cincinnati,2026-10-17,REG,-2.3,56.8,0.445,-2.3,56.8,0.445,,,,,,,,,,,,,,,,,,,,,,,,,,,,,,,,,,,,,,
2026,8,Alabama,Texas A&M,2026-10-24,REG,12.5,50.5,0.77,12.5,50.5,0.77,,,,,,,,,,,,,,,,,,,,,,,,,,,,,,,,,,,,,,
2026,8,Arizona,Iowa State,2026-10-24,REG,5.0,49.4,0.616,5.0,49.4,0.616,,,,,,,,,,,,,,,,,,,,,,,,,,,,,,,,,,,,,,
2026,8,Arizona State,Kansas State,2026-10-24,REG,-8.2,49.1,0.314,-8.2,49.1,0.314,,,,,,,,,,,,,,,,,,,,,,,,,,,,,,,,,,,,,,
2026,8,Auburn,LSU,2026-10-24,REG,-2.4,45.7,0.444,-2.4,45.7,0.444,,,,,,,,,,,,,,,,,,,,,,,,,,,,,,,,,,,,,,
2026,8,Cincinnati,Texas Tech,2026-10-24,REG,-9.0,55.0,0.297,-9.0,55.0,0.297,,,,,,,,,,,,,,,,,,,,,,,,,,,,,,,,,,,,,,
2026,8,Clemson,Virginia Tech,2026-10-24,REG,4.1,49.0,0.597,4.1,49.0,0.597,,,,,,,,,,,,,,,,,,,,,,,,,,,,,,,,,,,,,,
2026,8,Georgia Tech,Boston College,2026-10-24,REG,5.9,53.8,0.636,5.9,53.8,0.636,,,,,,,,,,,,,,,,,,,,,,,,,,,,,,,,,,,,,,
2026,8,Illinois,Oregon,2026-10-24,REG,-10.2,56.3,0.273,-10.2,56.3,0.273,,,,,,,,,,,,,,,,,,,,,,,,,,,,,,,,,,,,,,
2026,8,Kansas,Baylor,2026-10-24,REG,0.9,50.7,0.521,0.9,50.7,0.521,,,,,,,,,,,,,,,,,,,,,,,,,,,,,,,,,,,,,,
2026,8,Kentucky,Vanderbilt,2026-10-24,REG,-0.1,54.1,0.498,-0.1,54.1,0.498,,,,,,,,,,,,,,,,,,,,,,,,,,,,,,,,,,,,,,
2026,8,Miami,Pittsburgh,2026-10-24,REG,7.8,51.3,0.678,7.8,51.3,0.678,,,,,,,,,,,,,,,,,,,,,,,,,,,,,,,,,,,,,,
2026,8,Michigan,Indiana,2026-10-24,REG,-9.0,51.1,0.299,-9.0,51.1,0.299,,,,,,,,,,,,,,,,,,,,,,,,,,,,,,,,,,,,,,
2026,8,Minnesota,Iowa,2026-10-24,REG,-6.7,47.9,0.346,-6.7,47.9,0.346,,,,,,,,,,,,,,,,,,,,,,,,,,,,,,,,,,,,,,
2026,8,Mississippi State,Oklahoma,2026-10-24,REG,-0.8,48.0,0.482,-0.8,48.0,0.482,,,,,,,,,,,,,,,,,,,,,,,,,,,,,,,,,,,,,,
2026,8,North Carolina,Syracuse,2026-10-24,REG,9.4,48.4,0.711,9.4,48.4,0.711,,,,,,,,,,,,,,,,,,,,,,,,,,,,,,,,,,,,,,
2026,8,Northwestern,Rutgers,2026-10-24,REG,7.3,56.9,0.666,7.3,56.9,0.666,,,,,,,,,,,,,,,,,,,,,,,,,,,,,,,,,,,,,,
2026,8,Oklahoma State,Colorado,2026-10-24,REG,1.9,47.2,0.546,1.9,47.2,0.546,,,,,,,,,,,,,,,,,,,,,,,,,,,,,,,,,,,,,,
2026,8,SMU,California,2026-10-24,REG,13.1,50.9,0.781,13.1,50.9,0.781,,,,,,,,,,,,,,,,,,,,,,,,,,,,,,,,,,,,,,
2026,8,South Carolina,Tennessee,2026-10-24,REG,-8.3,53.2,0.312,-8.3,53.2,0.312,,,,,,,,,,,,,,,,,,,,,,,,,,,,,,,,,,,,,,
2026,8,Stanford,NC State,2026-10-23,REG,-6.9,56.3,0.341,-6.9,56.3,0.341,,,,,,,,,,,,,,,,,,,,,,,,,,,,,,,,,,,,,,
2026,8,TCU,West Virginia,2026-10-24,REG,7.7,49.6,0.675,7.7,49.6,0.675,,,,,,,,,,,,,,,,,,,,,,,,,,,,,,,,,,,,,,
2026,8,Texas,Ole Miss,2026-10-24,REG,0.7,54.0,0.517,0.7,54.0,0.517,,,,,,,,,,,,,,,,,,,,,,,,,,,,,,,,,,,,,,
2026,8,UCF,BYU,2026-10-24,REG,-7.0,49.3,0.341,-7.0,49.3,0.341,,,,,,,,,,,,,,,,,,,,,,,,,,,,,,,,,,,,,,
2026,8,UCLA,Michigan State,2026-10-24,REG,10.9,51.6,0.741,10.9,51.6,0.741,,,,,,,,,,,,,,,,,,,,,,,,,,,,,,,,,,,,,,
2026,8,Utah,Houston,2026-10-24,REG,7.3,56.6,0.666,7.3,56.6,0.666,,,,,,,,,,,,,,,,,,,,,,,,,,,,,,,,,,,,,,
2026,8,Virginia,Duke,2026-10-23,REG,4.5,52.5,0.606,4.5,52.5,0.606,,,,,,,,,,,,,,,,,,,,,,,,,,,,,,,,,,,,,,
2026,8,Wisconsin,USC,2026-10-24,REG,-1.9,53.5,0.455,-1.9,53.5,0.455,,,,,,,,,,,,,,,,,,,,,,,,,,,,,,,,,,,,,,
2026,9,Arkansas,Missouri,2026-10-31,REG,-7.5,52.2,0.33,-7.5,52.2,0.33,,,,,,,,,,,,,,,,,,,,,,,,,,,,,,,,,,,,,,
2026,9,BYU,Arizona State,2026-10-31,REG,13.6,48.0,0.789,13.6,48.0,0.789,,,,,,,,,,,,,,,,,,,,,,,,,,,,,,,,,,,,,,
2026,9,Cincinnati,Utah,2026-10-31,REG,-6.0,58.8,0.363,-6.0,58.8,0.363,,,,,,,,,,,,,,,,,,,,,,,,,,,,,,,,,,,,,,
2026,9,Colorado,Kansas State,2026-10-31,REG,-9.4,50.4,0.29,-9.4,50.4,0.29,,,,,,,,,,,,,,,,,,,,,,,,,,,,,,,,,,,,,,
2026,9,Duke,Boston College,2026-10-31,REG,14.3,53.1,0.8,14.3,53.1,0.8,,,,,,,,,,,,,,,,,,,,,,,,,,,,,,,,,,,,,,
2026,9,Florida State,Clemson,2026-10-31,REG,-1.8,52.1,0.457,-1.8,52.1,0.457,,,,,,,,,,,,,,,,,,,,,,,,,,,,,,,,,,,,,,
2026,9,Georgia,Florida,2026-10-31,REG,7.1,55.8,0.663,7.1,55.8,0.663,,,,,,,,,,,,,,,,,,,,,,,,,,,,,,,,,,,,,,
2026,9,Indiana,Minnesota,2026-10-31,REG,19.3,52.6,0.872,19.3,52.6,0.872,,,,,,,,,,,,,,,,,,,,,,,,,,,,,,,,,,,,,,
2026,9,Iowa,Wisconsin,2026-10-31,REG,11.6,45.2,0.753,11.6,45.2,0.753,,,,,,,,,,,,,,,,,,,,,,,,,,,,,,,,,,,,,,
2026,9,Iowa State,Oklahoma State,2026-10-31,REG,10.3,48.3,0.728,10.3,48.3,0.728,,,,,,,,,,,,,,,,,,,,,,,,,,,,,,,,,,,,,,
2026,9,Louisville,Stanford,2026-10-31,REG,15.5,54.9,0.82,15.5,54.9,0.82,,,,,,,,,,,,,,,,,,,,,,,,,,,,,,,,,,,,,,
2026,9,Maryland,Illinois,2026-10-31,REG,-2.3,54.3,0.447,-2.3,54.3,0.447,,,,,,,,,,,,,,,,,,,,,,,,,,,,,,,,,,,,,,
2026,9,NC State,California,2026-10-31,REG,5.8,52.8,0.633,5.8,52.8,0.633,,,,,,,,,,,,,,,,,,,,,,,,,,,,,,,,,,,,,,
2026,9,Nebraska,Washington,2026-10-31,REG,-3.0,52.5,0.431,-3.0,52.5,0.431,,,,,,,,,,,,,,,,,,,,,,,,,,,,,,,,,,,,,,
2026,9,North Carolina,Miami,2026-10-31,REG,-13.7,52.8,0.209,-13.7,52.8,0.209,,,,,,,,,,,,,,,,,,,,,,,,,,,,,,,,,,,,,,
2026,9,Oklahoma,South Carolina,2026-10-31,REG,9.6,46.3,0.715,9.6,46.3,0.715,,,,,,,,,,,,,,,,,,,,,,,,,,,,,,,,,,,,,,
2026,9,Ole Miss,Auburn,2026-10-31,REG,2.1,53.9,0.55,2.1,53.9,0.55,,,,,,,,,,,,,,,,,,,,,,,,,,,,,,,,,,,,,,
2026,9,Oregon,Northwestern,2026-10-31,REG,13.6,54.4,0.789,13.6,54.4,0.789,,,,,,,,,,,,,,,,,,,,,,,,,,,,,,,,,,,,,,
2026,9,Penn State,Purdue,2026-10-31,REG,21.5,56.7,0.898,21.5,56.7,0.898,,,,,,,,,,,,,,,,,,,,,,,,,,,,,,,,,,,,,,
2026,9,Pittsburgh,Georgia Tech,2026-10-31,REG,11.5,52.9,0.751,11.5,52.9,0.751,,,,,,,,,,,,,,,,,,,,,,,,,,,,,,,,,,,,,,
2026,9,Rutgers,Michigan,2026-10-31,REG,-9.2,52.8,0.294,-9.2,52.8,0.294,,,,,,,,,,,,,,,,,,,,,,,,,,,,,,,,,,,,,,
2026,9,Syracuse,SMU,2026-10-31,REG,-14.6,49.9,0.195,-14.6,49.9,0.195,,,,,,,,,,,,,,,,,,,,,,,,,,,,,,,,,,,,,,
2026,9,TCU,Kansas,2026-10-31,REG,6.5,51.0,0.65,6.5,51.0,0.65,,,,,,,,,,,,,,,,,,,,,,,,,,,,,,,,,,,,,,
2026,9,Texas,Mississippi State,2026-10-31,REG,2.7,52.7,0.563,2.7,52.7,0.563,,,,,,,,,,,,,,,,,,,,,,,,,,,,,,,,,,,,,,
2026,9,Texas Tech,Arizona,2026-10-31,REG,8.5,48.7,0.692,8.5,48.7,0.692,,,,,,,,,,,,,,,,,,,,,,,,,,,,,,,,,,,,,,
2026,9,UCF,Baylor,2026-10-30,REG,0.6,47.0,0.515,0.6,47.0,0.515,,,,,,,,,,,,,,,,,,,,,,,,,,,,,,,,,,,,,,
2026,9,USC,Ohio State,2026-10-31,REG,-10.8,58.2,0.262,-10.8,58.2,0.262,,,,,,,,,,,,,,,,,,,,,,,,,,,,,,,,,,,,,,
2026,9,Wake Forest,Virginia,2026-10-31,REG,-5.9,51.9,0.364,-5.9,51.9,0.364,,,,,,,,,,,,,,,,,,,,,,,,,,,,,,,,,,,,,,
2026,10,Arizona,TCU,2026-11-06,REG,4.5,49.3,0.605,4.5,49.3,0.605,,,,,,,,,,,,,,,,,,,,,,,,,,,,,,,,,,,,,,
2026,10,Arizona State,Colorado,2026-11-07,REG,3.0,45.2,0.57,3.0,45.2,0.57,,,,,,,,,,,,,,,,,,,,,,,,,,,,,,,,,,,,,,
2026,10,Auburn,Arkansas,2026-11-07,REG,10.7,51.7,0.735,10.7,51.7,0.735,,,,,,,,,,,,,,,,,,,,,,,,,,,,,,,,,,,,,,
2026,10,Baylor,Iowa State,2026-11-07,REG,-1.3,48.2,0.469,-1.3,48.2,0.469,,,,,,,,,,,,,,,,,,,,,,,,,,,,,,,,,,,,,,
2026,10,Boston College,Florida State,2026-11-07,REG,-2.6,55.2,0.438,-2.6,55.2,0.438,,,,,,,,,,,,,,,,,,,,,,,,,,,,,,,,,,,,,,
2026,10,Florida,Oklahoma,2026-11-07,REG,2.1,48.3,0.549,2.1,48.3,0.549,,,,,,,,,,,,,,,,,,,,,,,,,,,,,,,,,,,,,,
2026,10,Georgia Tech,Louisville,2026-11-07,REG,-4.4,56.3,0.397,-4.4,56.3,0.397,,,,,,,,,,,,,,,,,,,,,,,,,,,,,,,,,,,,,,
2026,10,Houston,Cincinnati,2026-11-07,REG,4.3,60.5,0.6,4.3,60.5,0.6,,,,,,,,,,,,,,,,,,,,,,,,,,,,,,,,,,,,,,
2026,10,Illinois,Nebraska,2026-11-06,REG,-2.1,58.4,0.451,-2.1,58.4,0.451,,,,,,,,,,,,,,,,,,,,,,,,,,,,,,,,,,,,,,
2026,10,Kansas,UCF,2026-11-07,REG,2.1,50.0,0.55,2.1,50.0,0.55,,,,,,,,,,,,,,,,,,,,,,,,,,,,,,,,,,,,,,
2026,10,Kansas State,Oklahoma State,2026-11-07,REG,13.0,51.2,0.779,13.0,51.2,0.779,,,,,,,,,,,,,,,,,,,,,,,,,,,,,,,,,,,,,,
2026,10,LSU,Alabama,2026-11-07,REG,-0.5,47.0,0.488,-0.5,47.0,0.488,,,,,,,,,,,,,,,,,,,,,,,,,,,,,,,,,,,,,,
2026,10,Michigan,Michigan State,2026-11-07,REG,13.6,49.3,0.79,13.6,49.3,0.79,,,,,,,,,,,,,,,,,,,,,,,,,,,,,,,,,,,,,,
2026,10,Minnesota,UCLA,2026-11-07,REG,-2.0,50.9,0.453,-2.0,50.9,0.453,,,,,,,,,,,,,,,,,,,,,,,,,,,,,,,,,,,,,,
2026,10,Mississippi State,Vanderbilt,2026-11-07,REG,-0.6,56.0,0.487,-0.6,56.0,0.487,,,,,,,,,,,,,,,,,,,,,,,,,,,,,,,,,,,,,,
2026,10,Missouri,Texas,2026-11-07,REG,3.3,49.1,0.577,3.3,49.1,0.577,,,,,,,,,,,,,,,,,,,,,,,,,,,,,,,,,,,,,,
2026,10,NC State,Duke,2026-11-07,REG,-5.0,57.0,0.383,-5.0,57.0,0.383,,,,,,,,,,,,,,,,,,,,,,,,,,,,,,,,,,,,,,
2026,10,Northwestern,Iowa,2026-11-07,REG,-5.8,50.6,0.366,-5.8,50.6,0.366,,,,,,,,,,,,,,,,,,,,,,,,,,,,,,,,,,,,,,
2026,10,Notre Dame,Miami,2026-11-07,REG,4.4,53.5,0.602,4.4,53.5,0.602,,,,,,,,,,,,,,,,,,,,,,,,,,,,,,,,,,,,,,
2026,10,Ohio State,Oregon,2026-11-07,REG,4.6,53.8,0.607,4.6,53.8,0.607,,,,,,,,,,,,,,,,,,,,,,,,,,,,,,,,,,,,,,
2026,10,Ole Miss,Georgia,2026-11-07,REG,-4.3,56.9,0.4,-4.3,56.9,0.4,,,,,,,,,,,,,,,,,,,,,,,,,,,,,,,,,,,,,,
2026,10,Purdue,Maryland,2026-11-07,REG,-5.7,55.6,0.368,-5.7,55.6,0.368,,,,,,,,,,,,,,,,,,,,,,,,,,,,,,,,,,,,,,
2026,10,SMU,Virginia Tech,2026-11-06,REG,8.8,54.1,0.698,8.8,54.1,0.698,,,,,,,,,,,,,,,,,,,,,,,,,,,,,,,,,,,,,,
2026,10,South Carolina,Texas A&M,2026-11-07,REG,-0.9,51.5,0.478,-0.9,51.5,0.478,,,,,,,,,,,,,,,,,,,,,,,,,,,,,,,,,,,,,,
2026,10,Syracuse,Clemson,2026-11-07,REG,-9.9,44.8,0.279,-9.9,44.8,0.279,,,,,,,,,,,,,,,,,,,,,,,,,,,,,,,,,,,,,,
2026,10,Tennessee,Kentucky,2026-11-07,REG,6.4,53.0,0.648,6.4,53.0,0.648,,,,,,,,,,,,,,,,,,,,,,,,,,,,,,,,,,,,,,
2026,10,Texas Tech,West Virginia,2026-11-07,REG,17.0,49.1,0.842,17.0,49.1,0.842,,,,,,,,,,,,,,,,,,,,,,,,,,,,,,,,,,,,,,
2026,10,UConn,North Carolina,2026-11-07,REG,6.9,54.0,0.659,6.9,54.0,0.659,,,,,,,,,,,,,,,,,,,,,,,,,,,,,,,,,,,,,,
2026,10,Utah,BYU,2026-11-07,REG,4.2,53.6,0.598,4.2,53.6,0.598,,,,,,,,,,,,,,,,,,,,,,,,,,,,,,,,,,,,,,
2026,10,Washington,Penn State,2026-11-07,REG,2.7,49.5,0.564,2.7,49.5,0.564,,,,,,,,,,,,,,,,,,,,,,,,,,,,,,,,,,,,,,
2026,10,Wisconsin,Rutgers,2026-11-07,REG,5.2,51.5,0.621,5.2,51.5,0.621,,,,,,,,,,,,,,,,,,,,,,,,,,,,,,,,,,,,,,
2026,11,Arizona,Utah,2026-11-14,REG,-1.7,52.6,0.46,-1.7,52.6,0.46,,,,,,,,,,,,,,,,,,,,,,,,,,,,,,,,,,,,,,
2026,11,Arkansas,South Carolina,2026-11-14,REG,-0.1,54.1,0.498,-0.1,54.1,0.498,,,,,,,,,,,,,,,,,,,,,,,,,,,,,,,,,,,,,,
2026,11,BYU,Baylor,2026-11-14,REG,9.5,50.0,0.712,9.5,50.0,0.712,,,,,,,,,,,,,,,,,,,,,,,,,,,,,,,,,,,,,,
2026,11,Clemson,Georgia Tech,2026-11-14,REG,6.1,50.7,0.64,6.1,50.7,0.64,,,,,,,,,,,,,,,,,,,,,,,,,,,,,,,,,,,,,,
2026,11,Colorado,Houston,2026-11-13,REG,-7.9,52.4,0.319,-7.9,52.4,0.319,,,,,,,,,,,,,,,,,,,,,,,,,,,,,,,,,,,,,,
2026,11,Georgia,Missouri,2026-11-14,REG,7.7,51.9,0.676,7.7,51.9,0.676,,,,,,,,,,,,,,,,,,,,,,,,,,,,,,,,,,,,,,
2026,11,Indiana,USC,2026-11-14,REG,16.6,58.7,0.836,16.6,58.7,0.836,,,,,,,,,,,,,,,,,,,,,,,,,,,,,,,,,,,,,,
2026,11,Iowa,Purdue,2026-11-14,REG,21.7,53.8,0.9,21.7,53.8,0.9,,,,,,,,,,,,,,,,,,,,,,,,,,,,,,,,,,,,,,
2026,11,Iowa State,Cincinnati,2026-11-14,REG,3.0,55.7,0.57,3.0,55.7,0.57,,,,,,,,,,,,,,,,,,,,,,,,,,,,,,,,,,,,,,
2026,11,Kentucky,Florida,2026-11-14,REG,-0.5,55.0,0.488,-0.5,55.0,0.488,,,,,,,,,,,,,,,,,,,,,,,,,,,,,,,,,,,,,,
2026,11,LSU,Texas,2026-11-14,REG,7.0,45.8,0.66,7.0,45.8,0.66,,,,,,,,,,,,,,,,,,,,,,,,,,,,,,,,,,,,,,
2026,11,Maryland,Wisconsin,2026-11-14,REG,-0.6,47.0,0.485,-0.6,47.0,0.485,,,,,,,,,,,,,,,,,,,,,,,,,,,,,,,,,,,,,,
2026,11,Miami,Duke,2026-11-14,REG,9.1,55.7,0.704,9.1,55.7,0.704,,,,,,,,,,,,,,,,,,,,,,,,,,,,,,,,,,,,,,
2026,11,Michigan State,Washington,2026-11-14,REG,-12.6,49.5,0.228,-12.6,49.5,0.228,,,,,,,,,,,,,,,,,,,,,,,,,,,,,,,,,,,,,,
2026,11,Mississippi State,Auburn,2026-11-14,REG,0.1,52.6,0.503,0.1,52.6,0.503,,,,,,,,,,,,,,,,,,,,,,,,,,,,,,,,,,,,,,
2026,11,NC State,Syracuse,2026-11-14,REG,10.9,51.8,0.74,10.9,51.8,0.74,,,,,,,,,,,,,,,,,,,,,,,,,,,,,,,,,,,,,,
2026,11,North Carolina,Louisville,2026-11-14,REG,-4.5,52.7,0.396,-4.5,52.7,0.396,,,,,,,,,,,,,,,,,,,,,,,,,,,,,,,,,,,,,,
2026,11,Notre Dame,Boston College,2026-11-14,REG,24.0,50.9,0.922,24.0,50.9,0.922,,,,,,,,,,,,,,,,,,,,,,,,,,,,,,,,,,,,,,
2026,11,Ohio State,Northwestern,2026-11-14,REG,16.3,54.8,0.832,16.3,54.8,0.832,,,,,,,,,,,,,,,,,,,,,,,,,,,,,,,,,,,,,,
2026,11,Oklahoma,Ole Miss,2026-11-14,REG,2.5,49.4,0.56,2.5,49.4,0.56,,,,,,,,,,,,,,,,,,,,,,,,,,,,,,,,,,,,,,
2026,11,Oklahoma State,Texas Tech,2026-11-14,REG,-16.3,47.6,0.168,-16.3,47.6,0.168,,,,,,,,,,,,,,,,,,,,,,,,,,,,,,,,,,,,,,
2026,11,Oregon,Michigan,2026-11-14,REG,7.9,50.3,0.68,7.9,50.3,0.68,,,,,,,,,,,,,,,,,,,,,,,,,,,,,,,,,,,,,,
2026,11,Penn State,Minnesota,2026-11-14,REG,10.3,50.8,0.728,10.3,50.8,0.728,,,,,,,,,,,,,,,,,,,,,,,,,,,,,,,,,,,,,,
2026,11,Pittsburgh,Florida State,2026-11-13,REG,11.0,54.2,0.742,11.0,54.2,0.742,,,,,,,,,,,,,,,,,,,,,,,,,,,,,,,,,,,,,,
2026,11,Rutgers,Nebraska,2026-11-14,REG,-7.1,58.0,0.338,-7.1,58.0,0.338,,,,,,,,,,,,,,,,,,,,,,,,,,,,,,,,,,,,,,
2026,11,SMU,Wake Forest,2026-11-14,REG,7.4,54.4,0.67,7.4,54.4,0.67,,,,,,,,,,,,,,,,,,,,,,,,,,,,,,,,,,,,,,
2026,11,TCU,Kansas State,2026-11-14,REG,-0.4,51.4,0.491,-0.4,51.4,0.491,,,,,,,,,,,,,,,,,,,,,,,,,,,,,,,,,,,,,,
2026,11,Texas A&M,Tennessee,2026-11-14,REG,-5.5,51.5,0.373,-5.5,51.5,0.373,,,,,,,,,,,,,,,,,,,,,,,,,,,,,,,,,,,,,,
2026,11,UCF,Arizona State,2026-11-14,REG,4.8,45.1,0.611,4.8,45.1,0.611,,,,,,,,,,,,,,,,,,,,,,,,,,,,,,,,,,,,,,
2026,11,UCLA,Illinois,2026-11-13,REG,5.2,55.4,0.621,5.2,55.4,0.621,,,,,,,,,,,,,,,,,,,,,,,,,,,,,,,,,,,,,,
2026,11,Vanderbilt,Alabama,2026-11-14,REG,-4.1,53.2,0.405,-4.1,53.2,0.405,,,,,,,,,,,,,,,,,,,,,,,,,,,,,,,,,,,,,,
2026,11,Virginia,California,2026-11-14,REG,15.3,48.3,0.817,15.3,48.3,0.817,,,,,,,,,,,,,,,,,,,,,,,,,,,,,,,,,,,,,,
2026,11,Virginia Tech,Stanford,2026-11-14,REG,11.1,54.8,0.744,11.1,54.8,0.744,,,,,,,,,,,,,,,,,,,,,,,,,,,,,,,,,,,,,,
2026,11,West Virginia,Kansas,2026-11-14,REG,0.7,52.2,0.517,0.7,52.2,0.517,,,,,,,,,,,,,,,,,,,,,,,,,,,,,,,,,,,,,,
2026,12,Arizona State,Oklahoma State,2026-11-21,REG,2.9,45.9,0.568,2.9,45.9,0.568,,,,,,,,,,,,,,,,,,,,,,,,,,,,,,,,,,,,,,
2026,12,Baylor,Texas Tech,2026-11-21,REG,-11.1,47.5,0.256,-11.1,47.5,0.256,,,,,,,,,,,,,,,,,,,,,,,,,,,,,,,,,,,,,,
2026,12,Boston College,Syracuse,2026-11-21,REG,5.4,47.9,0.625,5.4,47.9,0.625,,,,,,,,,,,,,,,,,,,,,,,,,,,,,,,,,,,,,,
2026,12,California,Stanford,2026-11-21,REG,6.8,51.6,0.655,6.8,51.6,0.655,,,,,,,,,,,,,,,,,,,,,,,,,,,,,,,,,,,,,,
2026,12,Cincinnati,Colorado,2026-11-21,REG,9.2,54.6,0.707,9.2,54.6,0.707,,,,,,,,,,,,,,,,,,,,,,,,,,,,,,,,,,,,,,
2026,12,Duke,Clemson,2026-11-20,REG,6.0,50.0,0.639,6.0,50.0,0.639,,,,,,,,,,,,,,,,,,,,,,,,,,,,,,,,,,,,,,
2026,12,Florida,Vanderbilt,2026-11-21,REG,2.3,56.3,0.554,2.3,56.3,0.554,,,,,,,,,,,,,,,,,,,,,,,,,,,,,,,,,,,,,,
2026,12,Florida State,NC State,2026-11-21,REG,0.9,59.1,0.521,0.9,59.1,0.521,,,,,,,,,,,,,,,,,,,,,,,,,,,,,,,,,,,,,,
2026,12,Georgia Tech,Wake Forest,2026-11-21,REG,-1.4,56.6,0.467,-1.4,56.6,0.467,,,,,,,,,,,,,,,,,,,,,,,,,,,,,,,,,,,,,,
2026,12,Illinois,Iowa,2026-11-21,REG,-6.2,52.5,0.357,-6.2,52.5,0.357,,,,,,,,,,,,,,,,,,,,,,,,,,,,,,,,,,,,,,
2026,12,Kansas,BYU,2026-11-21,REG,-6.7,53.0,0.347,-6.7,53.0,0.347,,,,,,,,,,,,,,,,,,,,,,,,,,,,,,,,,,,,,,
2026,12,Kansas State,Arizona,2026-11-21,REG,1.5,52.2,0.534,1.5,52.2,0.534,,,,,,,,,,,,,,,,,,,,,,,,,,,,,,,,,,,,,,
2026,12,Louisville,Pittsburgh,2026-11-21,REG,-1.5,51.2,0.466,-1.5,51.2,0.466,,,,,,,,,,,,,,,,,,,,,,,,,,,,,,,,,,,,,,
2026,12,Miami,Virginia Tech,2026-11-21,REG,15.5,54.7,0.82,15.5,54.7,0.82,,,,,,,,,,,,,,,,,,,,,,,,,,,,,,,,,,,,,,
2026,12,Michigan,UCLA,2026-11-21,REG,4.6,49.5,0.606,4.6,49.5,0.606,,,,,,,,,,,,,,,,,,,,,,,,,,,,,,,,,,,,,,
2026,12,Michigan State,Oregon,2026-11-20,REG,-16.0,52.4,0.173,-16.0,52.4,0.173,,,,,,,,,,,,,,,,,,,,,,,,,,,,,,,,,,,,,,
2026,12,Minnesota,Northwestern,2026-11-21,REG,1.0,52.8,0.523,1.0,52.8,0.523,,,,,,,,,,,,,,,,,,,,,,,,,,,,,,,,,,,,,,
2026,12,Missouri,Kentucky,2026-11-21,REG,3.7,51.1,0.585,3.7,51.1,0.585,,,,,,,,,,,,,,,,,,,,,,,,,,,,,,,,,,,,,,
2026,12,Nebraska,Ohio State,2026-11-21,REG,-9.0,55.9,0.297,-9.0,55.9,0.297,,,,,,,,,,,,,,,,,,,,,,,,,,,,,,,,,,,,,,
2026,12,Notre Dame,SMU,2026-11-21,REG,11.1,52.8,0.744,11.1,52.8,0.744,,,,,,,,,,,,,,,,,,,,,,,,,,,,,,,,,,,,,,
2026,12,Oklahoma,Texas A&M,2026-11-21,REG,6.8,44.6,0.657,6.8,44.6,0.657,,,,,,,,,,,,,,,,,,,,,,,,,,,,,,,,,,,,,,
2026,12,Penn State,Rutgers,2026-11-21,REG,14.8,54.9,0.808,14.8,54.9,0.808,,,,,,,,,,,,,,,,,,,,,,,,,,,,,,,,,,,,,,
2026,12,Purdue,Wisconsin,2026-11-21,REG,-8.2,53.3,0.314,-8.2,53.3,0.314,,,,,,,,,,,,,,,,,,,,,,,,,,,,,,,,,,,,,,
2026,12,South Carolina,Georgia,2026-11-21,REG,-11.4,53.8,0.25,-11.4,53.8,0.25,,,,,,,,,,,,,,,,,,,,,,,,,,,,,,,,,,,,,,
2026,12,TCU,Utah,2026-11-21,REG,-4.4,51.7,0.399,-4.4,51.7,0.399,,,,,,,,,,,,,,,,,,,,,,,,,,,,,,,,,,,,,,
2026,12,Tennessee,LSU,2026-11-21,REG,1.0,48.1,0.523,1.0,48.1,0.523,,,,,,,,,,,,,,,,,,,,,,,,,,,,,,,,,,,,,,
2026,12,Texas,Arkansas,2026-11-21,REG,9.8,51.8,0.718,9.8,51.8,0.718,,,,,,,,,,,,,,,,,,,,,,,,,,,,,,,,,,,,,,
2026,12,UCF,Iowa State,2026-11-20,REG,-2.6,47.5,0.44,-2.6,47.5,0.44,,,,,,,,,,,,,,,,,,,,,,,,,,,,,,,,,,,,,,
2026,12,USC,Maryland,2026-11-21,REG,8.2,55.8,0.685,8.2,55.8,0.685,,,,,,,,,,,,,,,,,,,,,,,,,,,,,,,,,,,,,,
2026,12,Virginia,North Carolina,2026-11-21,REG,12.9,49.6,0.777,12.9,49.6,0.777,,,,,,,,,,,,,,,,,,,,,,,,,,,,,,,,,,,,,,
2026,12,Washington,Indiana,2026-11-21,REG,-6.3,51.3,0.356,-6.3,51.3,0.356,,,,,,,,,,,,,,,,,,,,,,,,,,,,,,,,,,,,,,
2026,12,West Virginia,Houston,2026-11-21,REG,-4.8,54.5,0.389,-4.8,54.5,0.389,,,,,,,,,,,,,,,,,,,,,,,,,,,,,,,,,,,,,,
2026,13,Alabama,Auburn,2026-11-28,REG,8.5,49.8,0.692,8.5,49.8,0.692,,,,,,,,,,,,,,,,,,,,,,,,,,,,,,,,,,,,,,
2026,13,Arizona,Arizona State,2026-11-28,REG,12.4,47.0,0.767,12.4,47.0,0.767,,,,,,,,,,,,,,,,,,,,,,,,,,,,,,,,,,,,,,
2026,13,Arkansas,LSU,2026-11-28,REG,-11.2,49.0,0.255,-11.2,49.0,0.255,,,,,,,,,,,,,,,,,,,,,,,,,,,,,,,,,,,,,,
2026,13,BYU,Cincinnati,2026-11-28,REG,7.4,57.5,0.668,7.4,57.5,0.668,,,,,,,,,,,,,,,,,,,,,,,,,,,,,,,,,,,,,,
2026,13,California,Pittsburgh,2026-11-28,REG,-10.2,48.0,0.274,-10.2,48.0,0.274,,,,,,,,,,,,,,,,,,,,,,,,,,,,,,,,,,,,,,
2026,13,Clemson,South Carolina,2026-11-28,REG,8.0,48.4,0.681,8.0,48.4,0.681,,,,,,,,,,,,,,,,,,,,,,,,,,,,,,,,,,,,,,
2026,13,Colorado,UCF,2026-11-28,REG,-2.2,46.4,0.449,-2.2,46.4,0.449,,,,,,,,,,,,,,,,,,,,,,,,,,,,,,,,,,,,,,
2026,13,Florida State,Florida,2026-11-27,REG,-3.7,59.0,0.412,-3.7,59.0,0.412,,,,,,,,,,,,,,,,,,,,,,,,,,,,,,,,,,,,,,
2026,13,Georgia,Georgia Tech,2026-11-28,REG,13.2,56.2,0.782,13.2,56.2,0.782,,,,,,,,,,,,,,,,,,,,,,,,,,,,,,,,,,,,,,
2026,13,Houston,Baylor,2026-11-28,REG,6.4,53.0,0.647,6.4,53.0,0.647,,,,,,,,,,,,,,,,,,,,,,,,,,,,,,,,,,,,,,
2026,13,Indiana,Purdue,2026-11-28,REG,30.5,58.5,0.964,30.5,58.5,0.964,,,,,,,,,,,,,,,,,,,,,,,,,,,,,,,,,,,,,,
2026,13,Iowa,Nebraska,2026-11-27,REG,6.0,51.7,0.639,6.0,51.7,0.639,,,,,,,,,,,,,,,,,,,,,,,,,,,,,,,,,,,,,,
2026,13,Iowa State,Kansas State,2026-11-28,REG,-0.9,51.5,0.48,-0.9,51.5,0.48,,,,,,,,,,,,,,,,,,,,,,,,,,,,,,,,,,,,,,
2026,13,Kentucky,Louisville,2026-11-28,REG,-0.7,53.7,0.483,-0.7,53.7,0.483,,,,,,,,,,,,,,,,,,,,,,,,,,,,,,,,,,,,,,
2026,13,Maryland,Penn State,2026-11-28,REG,-10.2,50.4,0.274,-10.2,50.4,0.274,,,,,,,,,,,,,,,,,,,,,,,,,,,,,,,,,,,,,,
2026,13,Miami,Boston College,2026-11-28,REG,21.5,52.3,0.897,21.5,52.3,0.897,,,,,,,,,,,,,,,,,,,,,,,,,,,,,,,,,,,,,,
2026,13,Missouri,Oklahoma,2026-11-28,REG,1.5,44.4,0.535,1.5,44.4,0.535,,,,,,,,,,,,,,,,,,,,,,,,,,,,,,,,,,,,,,
2026,13,North Carolina,NC State,2026-11-28,REG,0.4,54.1,0.509,0.4,54.1,0.509,,,,,,,,,,,,,,,,,,,,,,,,,,,,,,,,,,,,,,
2026,13,Northwestern,Illinois,2026-11-28,REG,2.3,57.3,0.553,2.3,57.3,0.553,,,,,,,,,,,,,,,,,,,,,,,,,,,,,,,,,,,,,,
2026,13,Ohio State,Michigan,2026-11-28,REG,10.6,50.7,0.735,10.6,50.7,0.735,,,,,,,,,,,,,,,,,,,,,,,,,,,,,,,,,,,,,,
2026,13,Oklahoma State,Kansas,2026-11-28,REG,-2.4,50.8,0.444,-2.4,50.8,0.444,,,,,,,,,,,,,,,,,,,,,,,,,,,,,,,,,,,,,,
2026,13,Ole Miss,Mississippi State,2026-11-27,REG,3.8,58.0,0.589,3.8,58.0,0.589,,,,,,,,,,,,,,,,,,,,,,,,,,,,,,,,,,,,,,
2026,13,Oregon,Washington,2026-11-28,REG,5.2,50.5,0.621,5.2,50.5,0.621,,,,,,,,,,,,,,,,,,,,,,,,,,,,,,,,,,,,,,
2026,13,Rutgers,Michigan State,2026-11-28,REG,2.6,54.9,0.561,2.6,54.9,0.561,,,,,,,,,,,,,,,,,,,,,,,,,,,,,,,,,,,,,,
2026,13,Stanford,SMU,2026-11-28,REG,-14.3,54.3,0.199,-14.3,54.3,0.199,,,,,,,,,,,,,,,,,,,,,,,,,,,,,,,,,,,,,,
2026,13,Syracuse,Notre Dame,2026-11-28,REG,-23.8,49.1,0.08,-23.8,49.1,0.08,,,,,,,,,,,,,,,,,,,,,,,,,,,,,,,,,,,,,,
2026,13,Texas A&M,Texas,2026-11-27,REG,-1.3,49.3,0.47,-1.3,49.3,0.47,,,,,,,,,,,,,,,,,,,,,,,,,,,,,,,,,,,,,,
2026,13,Texas Tech,TCU,2026-11-26,REG,11.2,47.9,0.745,11.2,47.9,0.745,,,,,,,,,,,,,,,,,,,,,,,,,,,,,,,,,,,,,,
2026,13,UCLA,USC,2026-11-28,REG,3.1,57.0,0.572,3.1,57.0,0.572,,,,,,,,,,,,,,,,,,,,,,,,,,,,,,,,,,,,,,
2026,13,Utah,West Virginia,2026-11-27,REG,13.9,52.9,0.794,13.9,52.9,0.794,,,,,,,,,,,,,,,,,,,,,,,,,,,,,,,,,,,,,,
2026,13,Vanderbilt,Tennessee,2026-11-28,REG,-0.8,54.3,0.482,-0.8,54.3,0.482,,,,,,,,,,,,,,,,,,,,,,,,,,,,,,,,,,,,,,
2026,13,Virginia Tech,Virginia,2026-11-28,REG,-7.3,51.5,0.334,-7.3,51.5,0.334,,,,,,,,,,,,,,,,,,,,,,,,,,,,,,,,,,,,,,
2026,13,Wake Forest,Duke,2026-11-28,REG,-3.2,55.9,0.425,-3.2,55.9,0.425,,,,,,,,,,,,,,,,,,,,,,,,,,,,,,,,,,,,,,
2026,13,Wisconsin,Minnesota,2026-11-27,REG,0.7,47.4,0.518,0.7,47.4,0.518,,,,,,,,,,,,,,,,,,,,,,,,,,,,,,,,,,,,,,
